brand,category,is_active,name,price,product_id,rating,stock_quantity,ingetion_timestamp
BeautyGlow,Toys,true,Product 1,995.73,1,3.5,989,2026-04-05T20:28:33.217Z
GardenMaster,Garden,true,Product 2,497.76,2,3.8,495,2026-04-05T20:28:33.217Z
BeautyGlow,Electronics,true,Product 3,331.63,3,4.6,10,2026-04-05T20:28:33.217Z
TechPro,Beauty,false,Product 4,798.83,4,4.7,683,2026-04-05T20:28:33.217Z
HomeSmart,Automotive,false,Product 5,-454.98,5,4.4,719,2026-04-05T20:28:33.217Z
BookWorm,Electronics,false,Product 6,645.3,6,2.2,823,2026-04-05T20:28:33.217Z
FashionX,Automotive,false,Product 7,549.08,7,1.1,999,2026-04-05T20:28:33.217Z
TechPro,Books,false,Product 8,982.36,8,2.4,542,2026-04-05T20:28:33.217Z
FashionX,Toys,true,Product 9,307.14,9,1,671,2026-04-05T20:28:33.217Z
BeautyGlow,Garden,false,Product 10,871.38,10,3.4,975,2026-04-05T20:28:33.217Z
AutoZoom,Books,false,Product 11,943.03,11,4.6,768,2026-04-05T20:28:33.217Z
ToyFun,Clothing,false,Product 12,194.04,12,2.7,284,2026-04-05T20:28:33.217Z
SportMax,Clothing,false,Product 13,220.49,13,2.4,7,2026-04-05T20:28:33.217Z
TechPro,Toys,false,Product 14,293.38,14,1.5,349,2026-04-05T20:28:33.217Z
TechPro,Electronics,false,Product 15,916.48,15,1.3,39,2026-04-05T20:28:33.217Z
BookWorm,Books,true,Product 16,282.79,16,1.9,301,2026-04-05T20:28:33.217Z
ToyFun,Toys,false,Product 17,311.69,17,1.7,121,2026-04-05T20:28:33.217Z
GardenMaster,Electronics,false,Product 18,951.77,18,1.7,911,2026-04-05T20:28:33.217Z
BookWorm,Electronics,false,Product 19,745.12,19,3.3,819,2026-04-05T20:28:33.217Z
BeautyGlow,Books,false,Product 20,515.79,20,1.6,726,2026-04-05T20:28:33.217Z
TechPro,Sports,false,Product 21,717.88,21,2.3,58,2026-04-05T20:28:33.217Z
AutoZoom,Automotive,true,Product 22,743.77,22,3,134,2026-04-05T20:28:33.217Z
ToyFun,Toys,true,Product 23,292.63,23,4.7,474,2026-04-05T20:28:33.217Z
GardenMaster,Automotive,true,Product 24,942.59,24,3.9,267,2026-04-05T20:28:33.217Z
TechPro,Sports,false,Product 25,235.59,25,5,453,2026-04-05T20:28:33.217Z
BookWorm,Clothing,false,Product 26,19.8,26,1.2,511,2026-04-05T20:28:33.217Z
TechPro,Electronics,true,Product 27,188.18,27,3.6,142,2026-04-05T20:28:33.217Z
GardenMaster,Garden,true,Product 28,558.14,28,4.7,231,2026-04-05T20:28:33.217Z
BookWorm,Home,true,Product 29,28.61,29,2.2,715,2026-04-05T20:28:33.217Z
AutoZoom,Automotive,true,Product 30,859.07,30,4.4,269,2026-04-05T20:28:33.217Z
TechPro,Electronics,true,Product 31,391.89,31,4,365,2026-04-05T20:28:33.217Z
SportMax,Electronics,false,Product 32,408.99,32,1.6,801,2026-04-05T20:28:33.217Z
TastyBites,Beauty,false,Product 33,239.84,33,3.9,280,2026-04-05T20:28:33.217Z
FashionX,Books,false,Product 34,580.56,34,3.5,883,2026-04-05T20:28:33.217Z
BeautyGlow,Sports,false,Product 35,949.84,35,2,1,2026-04-05T20:28:33.217Z
GardenMaster,Toys,true,Product 36,422.47,36,2.8,396,2026-04-05T20:28:33.217Z
ToyFun,Beauty,true,Product 37,923,37,1.9,668,2026-04-05T20:28:33.217Z
ToyFun,Garden,false,Product 38,58.24,38,4.1,756,2026-04-05T20:28:33.217Z
TastyBites,Automotive,false,Product 39,-221.12,39,1.4,198,2026-04-05T20:28:33.217Z
TechPro,Automotive,true,Product 40,41.41,40,2,286,2026-04-05T20:28:33.217Z
GardenMaster,Books,true,Product 41,407.34,41,2,30,2026-04-05T20:28:33.217Z
BookWorm,Clothing,true,Product 42,213.79,42,1.6,823,2026-04-05T20:28:33.217Z
SportMax,Automotive,false,Product 43,262.47,43,4.6,551,2026-04-05T20:28:33.217Z
FashionX,Clothing,false,Product 44,604.07,44,4.7,496,2026-04-05T20:28:33.217Z
BeautyGlow,Clothing,true,Product 45,976.93,45,4.7,136,2026-04-05T20:28:33.217Z
TastyBites,Electronics,false,Product 46,650.12,46,1.4,283,2026-04-05T20:28:33.217Z
BeautyGlow,Food,false,Product 47,208.03,47,4.3,995,2026-04-05T20:28:33.217Z
BeautyGlow,Toys,true,Product 48,801.51,48,2.8,112,2026-04-05T20:28:33.217Z
FashionX,Toys,true,Product 49,570.26,49,2.8,295,2026-04-05T20:28:33.217Z
BeautyGlow,Food,true,Product 50,293.14,50,2.8,25,2026-04-05T20:28:33.217Z
TastyBites,Automotive,false,Product 51,13.15,51,4.7,94,2026-04-05T20:28:33.217Z
TechPro,Electronics,false,Product 52,918.49,52,2.3,893,2026-04-05T20:28:33.217Z
HomeSmart,Books,false,Product 53,911.35,53,3.9,145,2026-04-05T20:28:33.217Z
AutoZoom,Automotive,false,Product 54,38.91,54,2.4,849,2026-04-05T20:28:33.217Z
BookWorm,Garden,false,Product 55,111.09,55,3.2,743,2026-04-05T20:28:33.217Z
TechPro,Books,true,Product 56,143.88,56,1.2,609,2026-04-05T20:28:33.217Z
BookWorm,Beauty,false,Product 57,399.35,57,5,129,2026-04-05T20:28:33.217Z
GardenMaster,Clothing,false,Product 58,55.74,58,2.8,240,2026-04-05T20:28:33.217Z
AutoZoom,Sports,true,Product 59,627,59,1.1,280,2026-04-05T20:28:33.217Z
SportMax,Clothing,false,Product 60,776.82,60,3.5,70,2026-04-05T20:28:33.217Z
TechPro,Sports,true,Product 61,82.01,61,3.1,764,2026-04-05T20:28:33.217Z
GardenMaster,Electronics,false,Product 62,227.42,62,2.6,682,2026-04-05T20:28:33.217Z
TastyBites,Sports,false,Product 63,100.06,63,3.7,110,2026-04-05T20:28:33.217Z
BeautyGlow,Automotive,true,Product 64,256.04,64,4.9,644,2026-04-05T20:28:33.217Z
SportMax,Sports,true,Product 65,262.07,65,1.4,657,2026-04-05T20:28:33.217Z
GardenMaster,Electronics,true,Product 66,397.93,66,2.6,606,2026-04-05T20:28:33.217Z
GardenMaster,Food,true,Product 67,673.32,67,3.3,511,2026-04-05T20:28:33.217Z
SportMax,Books,true,Product 68,45.19,68,2.5,595,2026-04-05T20:28:33.217Z
TastyBites,Automotive,false,Product 69,89.79,69,2.1,887,2026-04-05T20:28:33.217Z
FashionX,Clothing,false,Product 70,60.49,70,4.7,408,2026-04-05T20:28:33.217Z
SportMax,Automotive,false,Product 71,773.24,71,3.3,761,2026-04-05T20:28:33.217Z
BeautyGlow,Toys,true,Product 72,798.72,72,2.7,289,2026-04-05T20:28:33.217Z
ToyFun,Electronics,false,Product 73,525.36,73,2,160,2026-04-05T20:28:33.217Z
AutoZoom,Books,true,Product 74,71.55,74,1.3,260,2026-04-05T20:28:33.217Z
GardenMaster,Toys,true,Product 75,642.21,75,1.6,667,2026-04-05T20:28:33.217Z
BookWorm,Sports,false,Product 76,343.23,76,3.7,334,2026-04-05T20:28:33.217Z
BookWorm,Home,true,Product 77,812.16,77,3.4,401,2026-04-05T20:28:33.217Z
ToyFun,Beauty,false,Product 78,49.36,78,1.7,567,2026-04-05T20:28:33.217Z
ToyFun,Garden,false,Product 79,64,79,2,501,2026-04-05T20:28:33.217Z
TechPro,Beauty,false,Product 80,654.47,80,4.1,298,2026-04-05T20:28:33.217Z
TechPro,Beauty,false,Product 81,252.08,81,3.6,385,2026-04-05T20:28:33.217Z
SportMax,Home,true,Product 82,50.1,82,3,714,2026-04-05T20:28:33.217Z
GardenMaster,Garden,true,Product 83,567.19,83,3.5,918,2026-04-05T20:28:33.217Z
BeautyGlow,Clothing,true,Product 84,933.87,84,1.9,659,2026-04-05T20:28:33.217Z
GardenMaster,Beauty,true,Product 85,952.01,85,2,978,2026-04-05T20:28:33.217Z
FashionX,Home,false,Product 86,186.39,86,1.4,444,2026-04-05T20:28:33.217Z
ToyFun,Electronics,false,Product 87,663.11,87,1.4,955,2026-04-05T20:28:33.217Z
AutoZoom,Clothing,true,Product 88,168.42,88,2.5,454,2026-04-05T20:28:33.217Z
BeautyGlow,Toys,false,Product 89,93.38,89,4.5,324,2026-04-05T20:28:33.217Z
FashionX,Beauty,true,Product 90,747.57,90,2.1,5,2026-04-05T20:28:33.217Z
SportMax,Garden,true,Product 91,916.67,91,3.5,720,2026-04-05T20:28:33.217Z
TastyBites,Automotive,true,Product 92,44.18,92,4.3,475,2026-04-05T20:28:33.217Z
FashionX,Food,false,Product 93,783.51,93,1.8,504,2026-04-05T20:28:33.217Z
FashionX,Clothing,false,Product 94,412.74,94,4.1,360,2026-04-05T20:28:33.217Z
HomeSmart,Sports,false,Product 95,92.49,95,2.9,420,2026-04-05T20:28:33.217Z
ToyFun,Toys,true,Product 96,134.5,96,2.2,852,2026-04-05T20:28:33.217Z
SportMax,Automotive,true,Product 97,829.81,97,1.5,725,2026-04-05T20:28:33.217Z
TechPro,Clothing,true,Product 98,566.78,98,2.3,820,2026-04-05T20:28:33.217Z
AutoZoom,Beauty,true,Product 99,787.48,99,2.6,514,2026-04-05T20:28:33.217Z
FashionX,Beauty,false,Product 100,112.4,100,2.3,205,2026-04-05T20:28:33.217Z
SportMax,Garden,true,Product 101,648.71,101,4.5,262,2026-04-05T20:28:33.217Z
BookWorm,Sports,false,Product 102,327.77,102,2.3,548,2026-04-05T20:28:33.217Z
AutoZoom,Home,true,Product 103,436.2,103,1.7,132,2026-04-05T20:28:33.217Z
AutoZoom,Home,true,Product 104,803.55,104,2.1,617,2026-04-05T20:28:33.217Z
AutoZoom,Food,true,Product 105,631.17,105,3.2,903,2026-04-05T20:28:33.217Z
TastyBites,Beauty,true,Product 106,209.76,106,3.6,496,2026-04-05T20:28:33.217Z
ToyFun,Beauty,true,Product 107,808.48,107,2.3,833,2026-04-05T20:28:33.217Z
AutoZoom,Clothing,false,Product 108,391.48,108,4.5,550,2026-04-05T20:28:33.217Z
BookWorm,Toys,false,Product 109,621.25,109,1.6,455,2026-04-05T20:28:33.217Z
GardenMaster,Toys,true,Product 110,811.66,110,2.2,763,2026-04-05T20:28:33.217Z
TechPro,Food,true,Product 111,742.19,111,2.9,941,2026-04-05T20:28:33.217Z
FashionX,Garden,true,Product 112,54.6,112,2,42,2026-04-05T20:28:33.217Z
BookWorm,Home,false,Product 113,218.97,113,3.6,591,2026-04-05T20:28:33.217Z
GardenMaster,Automotive,false,Product 114,974.29,114,2.5,120,2026-04-05T20:28:33.217Z
AutoZoom,Clothing,true,Product 115,980.51,115,1.1,654,2026-04-05T20:28:33.217Z
BeautyGlow,Toys,true,Product 116,799.17,116,2.2,323,2026-04-05T20:28:33.217Z
TechPro,Home,false,Product 117,551.24,117,2.1,176,2026-04-05T20:28:33.217Z
FashionX,Books,true,Product 118,685.38,118,4.6,728,2026-04-05T20:28:33.217Z
AutoZoom,Garden,false,Product 119,280.77,119,4.7,508,2026-04-05T20:28:33.217Z
FashionX,Food,false,Product 120,573.9,120,5,109,2026-04-05T20:28:33.217Z
BeautyGlow,Toys,false,Product 121,647.33,121,2.9,23,2026-04-05T20:28:33.217Z
TastyBites,Electronics,true,Product 122,160.19,122,2,768,2026-04-05T20:28:33.217Z
AutoZoom,Clothing,true,Product 123,189.66,123,2.7,162,2026-04-05T20:28:33.217Z
AutoZoom,Books,false,Product 124,-231.54,124,2.9,825,2026-04-05T20:28:33.217Z
AutoZoom,Home,false,Product 125,757.24,125,3.3,597,2026-04-05T20:28:33.217Z
BeautyGlow,Automotive,true,Product 126,720.93,126,4.9,429,2026-04-05T20:28:33.217Z
HomeSmart,Books,false,Product 127,564.29,127,3.3,928,2026-04-05T20:28:33.217Z
TastyBites,Food,false,Product 128,897.13,128,1.1,143,2026-04-05T20:28:33.217Z
SportMax,Home,true,Product 129,40.89,129,1.9,97,2026-04-05T20:28:33.217Z
BeautyGlow,Home,false,Product 130,263.33,130,3.1,181,2026-04-05T20:28:33.217Z
ToyFun,Automotive,true,Product 131,39.63,131,3.6,725,2026-04-05T20:28:33.217Z
SportMax,Electronics,true,Product 132,572.45,132,2.9,327,2026-04-05T20:28:33.217Z
BookWorm,Beauty,false,Product 133,799.13,133,2.6,259,2026-04-05T20:28:33.217Z
TastyBites,Clothing,false,Product 134,253.1,134,3.3,653,2026-04-05T20:28:33.217Z
SportMax,Clothing,false,Product 135,439.99,135,3.7,776,2026-04-05T20:28:33.217Z
TechPro,Garden,false,Product 136,800.96,136,2.1,873,2026-04-05T20:28:33.217Z
ToyFun,Garden,false,Product 137,668.38,137,3.7,710,2026-04-05T20:28:33.217Z
SportMax,Books,true,Product 138,799.37,138,2.8,390,2026-04-05T20:28:33.217Z
TechPro,Books,false,Product 139,977.91,139,4.6,556,2026-04-05T20:28:33.217Z
SportMax,Toys,true,Product 140,626.55,140,2.4,575,2026-04-05T20:28:33.217Z
HomeSmart,Toys,false,Product 141,992.49,141,3.8,439,2026-04-05T20:28:33.217Z
TechPro,Automotive,true,Product 142,143.71,142,4.4,793,2026-04-05T20:28:33.217Z
FashionX,Beauty,false,Product 143,248.51,143,2,708,2026-04-05T20:28:33.217Z
TastyBites,Beauty,false,Product 144,19.26,144,2.4,534,2026-04-05T20:28:33.217Z
TechPro,Electronics,true,Product 145,-189.6,145,1.5,855,2026-04-05T20:28:33.217Z
SportMax,Food,true,Product 146,231.29,146,1.2,581,2026-04-05T20:28:33.217Z
ToyFun,Books,true,Product 147,531.36,147,4.1,922,2026-04-05T20:28:33.217Z
GardenMaster,Home,false,Product 148,545.57,148,1.6,627,2026-04-05T20:28:33.217Z
TechPro,Clothing,false,Product 149,658.17,149,1.9,898,2026-04-05T20:28:33.217Z
TastyBites,Home,true,Product 150,220.67,150,1.9,892,2026-04-05T20:28:33.217Z
SportMax,Books,false,Product 151,105.06,151,1.8,416,2026-04-05T20:28:33.217Z
TechPro,Toys,true,Product 152,844,152,1.2,707,2026-04-05T20:28:33.217Z
BookWorm,Toys,true,Product 153,390.19,153,1.3,933,2026-04-05T20:28:33.217Z
ToyFun,Books,true,Product 154,269.84,154,4.5,794,2026-04-05T20:28:33.217Z
HomeSmart,Beauty,true,Product 155,778.95,155,2.9,42,2026-04-05T20:28:33.217Z
AutoZoom,Automotive,false,Product 156,136.94,156,4.3,44,2026-04-05T20:28:33.217Z
TechPro,Beauty,false,Product 157,844.98,157,1.5,458,2026-04-05T20:28:33.217Z
FashionX,Beauty,true,Product 158,630.77,158,1.7,853,2026-04-05T20:28:33.217Z
ToyFun,Food,true,Product 159,755.51,159,2.8,348,2026-04-05T20:28:33.217Z
ToyFun,Automotive,true,Product 160,469.04,160,4.9,219,2026-04-05T20:28:33.217Z
GardenMaster,Automotive,true,Product 161,179.41,161,3.2,610,2026-04-05T20:28:33.217Z
HomeSmart,Electronics,false,Product 162,843.66,162,1.1,157,2026-04-05T20:28:33.217Z
TastyBites,Automotive,true,Product 163,123.44,163,3.9,939,2026-04-05T20:28:33.217Z
AutoZoom,Books,true,Product 164,52.17,164,4,813,2026-04-05T20:28:33.217Z
TechPro,Beauty,false,Product 165,482.28,165,1.4,847,2026-04-05T20:28:33.217Z
ToyFun,Clothing,true,Product 166,987.58,166,4.3,921,2026-04-05T20:28:33.217Z
TastyBites,Books,true,Product 167,600.11,167,4.2,937,2026-04-05T20:28:33.217Z
TastyBites,Garden,true,Product 168,291.56,168,3.8,646,2026-04-05T20:28:33.217Z
HomeSmart,Clothing,true,Product 169,42.28,169,3.9,231,2026-04-05T20:28:33.217Z
TastyBites,Clothing,true,Product 170,163.06,170,1,225,2026-04-05T20:28:33.217Z
GardenMaster,Sports,false,Product 171,447.93,171,4.6,568,2026-04-05T20:28:33.217Z
SportMax,Garden,false,Product 172,397.64,172,1.9,637,2026-04-05T20:28:33.217Z
GardenMaster,Automotive,true,Product 173,137.01,173,2,604,2026-04-05T20:28:33.217Z
ToyFun,Automotive,true,Product 174,201.18,174,2,861,2026-04-05T20:28:33.217Z
SportMax,Garden,true,Product 175,250.93,175,2.3,274,2026-04-05T20:28:33.217Z
BookWorm,Food,false,Product 176,13.39,176,2.1,787,2026-04-05T20:28:33.217Z
ToyFun,Garden,true,Product 177,676.79,177,1.4,348,2026-04-05T20:28:33.217Z
TastyBites,Sports,true,Product 178,140.67,178,2.7,166,2026-04-05T20:28:33.217Z
FashionX,Sports,true,Product 179,964.64,179,1,469,2026-04-05T20:28:33.217Z
FashionX,Food,true,Product 180,251,180,3.9,245,2026-04-05T20:28:33.217Z
ToyFun,Clothing,true,Product 181,621.8,181,3.4,471,2026-04-05T20:28:33.217Z
TastyBites,Automotive,false,Product 182,785.28,182,3.4,369,2026-04-05T20:28:33.217Z
GardenMaster,Home,false,Product 183,590.12,183,5,117,2026-04-05T20:28:33.217Z
AutoZoom,Automotive,false,Product 184,982.02,184,4.4,402,2026-04-05T20:28:33.217Z
TastyBites,Garden,false,Product 185,787.54,185,1.5,938,2026-04-05T20:28:33.217Z
BookWorm,Clothing,false,Product 186,771.72,186,3,811,2026-04-05T20:28:33.217Z
FashionX,Garden,true,Product 187,805.62,187,3.3,874,2026-04-05T20:28:33.217Z
GardenMaster,Beauty,false,Product 188,694.53,188,4.1,765,2026-04-05T20:28:33.217Z
HomeSmart,Beauty,false,Product 189,597.39,189,2.5,461,2026-04-05T20:28:33.217Z
HomeSmart,Toys,false,Product 190,359.45,190,3.8,439,2026-04-05T20:28:33.217Z
AutoZoom,Clothing,false,Product 191,63.54,191,1.7,838,2026-04-05T20:28:33.217Z
GardenMaster,Garden,false,Product 192,716.9,192,4.7,411,2026-04-05T20:28:33.217Z
BookWorm,Sports,true,Product 193,193.97,193,1.2,157,2026-04-05T20:28:33.217Z
AutoZoom,Garden,true,Product 194,492.95,194,4.2,648,2026-04-05T20:28:33.217Z
GardenMaster,Home,true,Product 195,439.12,195,4.1,556,2026-04-05T20:28:33.217Z
BookWorm,Toys,false,Product 196,470.58,196,2.2,650,2026-04-05T20:28:33.217Z
TastyBites,Garden,true,Product 197,744.29,197,2.9,705,2026-04-05T20:28:33.217Z
TechPro,Food,false,Product 198,21.26,198,3.1,976,2026-04-05T20:28:33.217Z
ToyFun,Beauty,false,Product 199,601.93,199,4.3,353,2026-04-05T20:28:33.217Z
BeautyGlow,Sports,true,Product 200,880.72,200,2.2,562,2026-04-05T20:28:33.217Z
ToyFun,Garden,false,Product 201,648.13,201,2.1,147,2026-04-05T20:28:33.217Z
AutoZoom,Books,true,Product 202,544.45,202,3.9,172,2026-04-05T20:28:33.217Z
TechPro,Food,false,Product 203,527.34,203,2.2,234,2026-04-05T20:28:33.217Z
GardenMaster,Automotive,true,Product 204,932.62,204,3.7,596,2026-04-05T20:28:33.217Z
AutoZoom,Sports,false,Product 205,148.18,205,5,89,2026-04-05T20:28:33.217Z
HomeSmart,Food,true,Product 206,439.59,206,3,164,2026-04-05T20:28:33.217Z
GardenMaster,Automotive,false,Product 207,699.95,207,2,706,2026-04-05T20:28:33.217Z
ToyFun,Garden,true,Product 208,29.18,208,2.5,62,2026-04-05T20:28:33.217Z
BookWorm,Garden,true,Product 209,957.37,209,3.8,551,2026-04-05T20:28:33.217Z
SportMax,Toys,false,Product 210,743.79,210,2.1,553,2026-04-05T20:28:33.217Z
SportMax,Electronics,false,Product 211,310.63,211,4.9,501,2026-04-05T20:28:33.217Z
BookWorm,Garden,false,Product 212,401.32,212,3.9,179,2026-04-05T20:28:33.217Z
ToyFun,Home,true,Product 213,62.09,213,4.3,909,2026-04-05T20:28:33.217Z
FashionX,Food,false,Product 214,220.65,214,3.1,648,2026-04-05T20:28:33.217Z
TastyBites,Sports,true,Product 215,997.56,215,2,726,2026-04-05T20:28:33.217Z
SportMax,Electronics,true,Product 216,246.63,216,4,117,2026-04-05T20:28:33.217Z
TechPro,Garden,false,Product 217,490.79,217,3.3,783,2026-04-05T20:28:33.217Z
SportMax,Books,false,Product 218,227.79,218,1.5,599,2026-04-05T20:28:33.217Z
FashionX,Toys,false,Product 219,-265.92,219,1.9,847,2026-04-05T20:28:33.217Z
SportMax,Automotive,false,Product 220,595.31,220,5,861,2026-04-05T20:28:33.217Z
AutoZoom,Home,false,Product 221,133.89,221,2,601,2026-04-05T20:28:33.217Z
HomeSmart,Clothing,false,Product 222,817.17,222,4,537,2026-04-05T20:28:33.217Z
TastyBites,Automotive,true,Product 223,945.41,223,3.9,991,2026-04-05T20:28:33.217Z
BeautyGlow,Sports,false,Product 224,553.32,224,2.4,854,2026-04-05T20:28:33.217Z
ToyFun,Garden,false,Product 225,82.31,225,2.2,836,2026-04-05T20:28:33.217Z
SportMax,Electronics,false,Product 226,339.68,226,1.9,696,2026-04-05T20:28:33.217Z
SportMax,Home,false,Product 227,560.61,227,2,884,2026-04-05T20:28:33.217Z
GardenMaster,Home,false,Product 228,318.99,228,2.3,772,2026-04-05T20:28:33.217Z
TechPro,Sports,true,Product 229,127.51,229,1.2,222,2026-04-05T20:28:33.217Z
TechPro,Sports,false,Product 230,476.62,230,2.3,358,2026-04-05T20:28:33.217Z
FashionX,Automotive,false,Product 231,451.87,231,3.2,666,2026-04-05T20:28:33.217Z
BookWorm,Sports,true,Product 232,975.02,232,3,655,2026-04-05T20:28:33.217Z
BookWorm,Toys,false,Product 233,992.78,233,1.2,647,2026-04-05T20:28:33.217Z
AutoZoom,Sports,false,Product 234,235.4,234,4.3,314,2026-04-05T20:28:33.217Z
TechPro,Home,true,Product 235,570.02,235,1.1,517,2026-04-05T20:28:33.217Z
HomeSmart,Books,true,Product 236,872.34,236,3.9,375,2026-04-05T20:28:33.217Z
HomeSmart,Toys,false,Product 237,951.53,237,2,156,2026-04-05T20:28:33.217Z
FashionX,Food,true,Product 238,223.2,238,4,654,2026-04-05T20:28:33.217Z
GardenMaster,Books,true,Product 239,482.19,239,4.1,356,2026-04-05T20:28:33.217Z
SportMax,Electronics,false,Product 240,217.82,240,1.3,317,2026-04-05T20:28:33.217Z
TastyBites,Food,true,Product 241,706.5,241,4.1,530,2026-04-05T20:28:33.217Z
ToyFun,Books,false,Product 242,603.23,242,3.2,180,2026-04-05T20:28:33.217Z
BeautyGlow,Electronics,true,Product 243,595.48,243,1.6,830,2026-04-05T20:28:33.217Z
TastyBites,Beauty,true,Product 244,411.22,244,3.9,552,2026-04-05T20:28:33.217Z
AutoZoom,Clothing,true,Product 245,782.05,245,3.2,991,2026-04-05T20:28:33.217Z
TechPro,Books,true,Product 246,991.07,246,2,388,2026-04-05T20:28:33.217Z
BeautyGlow,Clothing,false,Product 247,422.51,247,2.8,576,2026-04-05T20:28:33.217Z
TastyBites,Toys,true,Product 248,910.86,248,2.1,220,2026-04-05T20:28:33.217Z
BeautyGlow,Clothing,false,Product 249,85.54,249,3.5,342,2026-04-05T20:28:33.217Z
ToyFun,Sports,false,Product 250,864.54,250,2.6,948,2026-04-05T20:28:33.217Z
TechPro,Garden,false,Product 251,222.67,251,3.9,369,2026-04-05T20:28:33.217Z
AutoZoom,Home,false,Product 252,465.92,252,1.8,173,2026-04-05T20:28:33.217Z
HomeSmart,Home,true,Product 253,274.08,253,3.6,404,2026-04-05T20:28:33.217Z
ToyFun,Sports,false,Product 254,96.39,254,3.8,647,2026-04-05T20:28:33.217Z
BookWorm,Garden,true,Product 255,930.23,255,2.4,333,2026-04-05T20:28:33.217Z
FashionX,Home,false,Product 256,-190.76,256,3,305,2026-04-05T20:28:33.217Z
BookWorm,Clothing,false,Product 257,86.23,257,2.7,53,2026-04-05T20:28:33.217Z
BookWorm,Books,false,Product 258,57.11,258,4,605,2026-04-05T20:28:33.217Z
GardenMaster,Automotive,true,Product 259,317.69,259,1.1,873,2026-04-05T20:28:33.217Z
SportMax,Toys,false,Product 260,362.9,260,1.1,6,2026-04-05T20:28:33.217Z
BookWorm,Clothing,true,Product 261,233.5,261,4.5,568,2026-04-05T20:28:33.217Z
ToyFun,Electronics,true,Product 262,200.08,262,4,13,2026-04-05T20:28:33.217Z
HomeSmart,Home,false,Product 263,-586.76,263,1.7,377,2026-04-05T20:28:33.217Z
BookWorm,Sports,false,Product 264,645.87,264,3.5,49,2026-04-05T20:28:33.217Z
BookWorm,Electronics,false,Product 265,767.81,265,5,399,2026-04-05T20:28:33.217Z
GardenMaster,Electronics,false,Product 266,574.54,266,2.6,957,2026-04-05T20:28:33.217Z
AutoZoom,Automotive,true,Product 267,425.85,267,4.1,20,2026-04-05T20:28:33.217Z
SportMax,Clothing,false,Product 268,51.77,268,4.1,688,2026-04-05T20:28:33.217Z
ToyFun,Sports,false,Product 269,-657.79,269,2.1,348,2026-04-05T20:28:33.217Z
SportMax,Automotive,true,Product 270,521.05,270,1,646,2026-04-05T20:28:33.217Z
ToyFun,Toys,false,Product 271,400.07,271,4.6,812,2026-04-05T20:28:33.217Z
FashionX,Automotive,false,Product 272,202.73,272,1.6,135,2026-04-05T20:28:33.217Z
SportMax,Books,false,Product 273,169.87,273,2.6,876,2026-04-05T20:28:33.217Z
ToyFun,Toys,true,Product 274,428.87,274,4.5,403,2026-04-05T20:28:33.217Z
BeautyGlow,Books,false,Product 275,347.53,275,4.7,982,2026-04-05T20:28:33.217Z
TastyBites,Beauty,true,Product 276,311.19,276,4.1,862,2026-04-05T20:28:33.217Z
TastyBites,Home,false,Product 277,10.03,277,2,426,2026-04-05T20:28:33.217Z
HomeSmart,Garden,false,Product 278,334.55,278,4.1,426,2026-04-05T20:28:33.217Z
SportMax,Toys,true,Product 279,161.99,279,4.9,438,2026-04-05T20:28:33.217Z
ToyFun,Clothing,false,Product 280,966.19,280,1.5,769,2026-04-05T20:28:33.217Z
TastyBites,Electronics,true,Product 281,315.88,281,2.8,440,2026-04-05T20:28:33.217Z
BookWorm,Garden,true,Product 282,-10.43,282,2.8,953,2026-04-05T20:28:33.217Z
BeautyGlow,Books,true,Product 283,649.17,283,2.9,320,2026-04-05T20:28:33.217Z
HomeSmart,Clothing,true,Product 284,671.26,284,3.8,170,2026-04-05T20:28:33.217Z
BeautyGlow,Automotive,false,Product 285,843.85,285,2.6,915,2026-04-05T20:28:33.217Z
GardenMaster,Sports,false,Product 286,814.34,286,1.6,546,2026-04-05T20:28:33.217Z
BeautyGlow,Beauty,true,Product 287,962.16,287,1.6,878,2026-04-05T20:28:33.217Z
TastyBites,Clothing,false,Product 288,599.84,288,3,970,2026-04-05T20:28:33.217Z
HomeSmart,Sports,true,Product 289,566.34,289,2.5,54,2026-04-05T20:28:33.217Z
FashionX,Clothing,true,Product 290,355.14,290,1.3,474,2026-04-05T20:28:33.217Z
ToyFun,Home,true,Product 291,950.63,291,1.5,491,2026-04-05T20:28:33.217Z
HomeSmart,Food,true,Product 292,979.31,292,1.1,169,2026-04-05T20:28:33.217Z
HomeSmart,Automotive,true,Product 293,614.14,293,2.8,125,2026-04-05T20:28:33.217Z
SportMax,Home,false,Product 294,442.43,294,2.6,760,2026-04-05T20:28:33.217Z
TechPro,Automotive,false,Product 295,803.15,295,4.4,70,2026-04-05T20:28:33.217Z
FashionX,Food,false,Product 296,157.05,296,4,821,2026-04-05T20:28:33.217Z
TastyBites,Garden,false,Product 297,203.99,297,4.1,865,2026-04-05T20:28:33.217Z
SportMax,Garden,true,Product 298,977.59,298,2.9,710,2026-04-05T20:28:33.217Z
AutoZoom,Clothing,false,Product 299,424.63,299,1.6,755,2026-04-05T20:28:33.217Z
HomeSmart,Sports,false,Product 300,-774.22,300,1.6,696,2026-04-05T20:28:33.217Z
TechPro,Books,true,Product 301,498.21,301,1,756,2026-04-05T20:28:33.217Z
FashionX,Electronics,false,Product 302,603.56,302,3.6,96,2026-04-05T20:28:33.217Z
FashionX,Automotive,false,Product 303,489.83,303,1.6,773,2026-04-05T20:28:33.217Z
SportMax,Sports,true,Product 304,782.08,304,2.3,51,2026-04-05T20:28:33.217Z
FashionX,Automotive,false,Product 305,321.45,305,3.7,508,2026-04-05T20:28:33.217Z
TastyBites,Home,true,Product 306,600.51,306,3.2,69,2026-04-05T20:28:33.217Z
TastyBites,Clothing,true,Product 307,800.74,307,3.7,431,2026-04-05T20:28:33.217Z
TechPro,Home,true,Product 308,717.54,308,1.3,837,2026-04-05T20:28:33.217Z
AutoZoom,Garden,true,Product 309,237.17,309,2.5,657,2026-04-05T20:28:33.217Z
HomeSmart,Food,true,Product 310,721.54,310,3,288,2026-04-05T20:28:33.217Z
HomeSmart,Sports,false,Product 311,263.33,311,1.8,825,2026-04-05T20:28:33.217Z
TastyBites,Garden,false,Product 312,98.01,312,3.4,859,2026-04-05T20:28:33.217Z
AutoZoom,Automotive,true,Product 313,299.17,313,4.2,508,2026-04-05T20:28:33.217Z
TastyBites,Books,false,Product 314,703.91,314,4.8,829,2026-04-05T20:28:33.217Z
ToyFun,Electronics,false,Product 315,635.83,315,2,399,2026-04-05T20:28:33.217Z
TastyBites,Electronics,true,Product 316,951.44,316,4.8,636,2026-04-05T20:28:33.217Z
TastyBites,Books,true,Product 317,732.07,317,4.5,175,2026-04-05T20:28:33.217Z
BookWorm,Books,false,Product 318,285.03,318,3.5,282,2026-04-05T20:28:33.217Z
ToyFun,Food,false,Product 319,123.91,319,2.6,63,2026-04-05T20:28:33.217Z
AutoZoom,Books,false,Product 320,828.33,320,4.5,776,2026-04-05T20:28:33.217Z
HomeSmart,Sports,false,Product 321,396.93,321,4.8,179,2026-04-05T20:28:33.217Z
TastyBites,Toys,false,Product 322,620.11,322,3.2,80,2026-04-05T20:28:33.217Z
AutoZoom,Electronics,true,Product 323,523.89,323,5,670,2026-04-05T20:28:33.217Z
TechPro,Electronics,false,Product 324,222.16,324,3,585,2026-04-05T20:28:33.217Z
TastyBites,Home,false,Product 325,714.1,325,3.1,239,2026-04-05T20:28:33.217Z
TastyBites,Garden,false,Product 326,648.71,326,3.8,913,2026-04-05T20:28:33.217Z
TechPro,Clothing,true,Product 327,343.46,327,3,773,2026-04-05T20:28:33.217Z
AutoZoom,Garden,true,Product 328,864.18,328,2.6,138,2026-04-05T20:28:33.217Z
BookWorm,Garden,false,Product 329,322.08,329,2.6,188,2026-04-05T20:28:33.217Z
ToyFun,Beauty,true,Product 330,601.86,330,2.7,411,2026-04-05T20:28:33.217Z
FashionX,Beauty,false,Product 331,325.76,331,1.7,382,2026-04-05T20:28:33.217Z
BookWorm,Clothing,false,Product 332,681.5,332,3.9,146,2026-04-05T20:28:33.217Z
TechPro,Clothing,true,Product 333,768.13,333,4.7,707,2026-04-05T20:28:33.217Z
HomeSmart,Automotive,true,Product 334,60.84,334,2.7,571,2026-04-05T20:28:33.217Z
BookWorm,Home,false,Product 335,947.12,335,1.3,215,2026-04-05T20:28:33.217Z
FashionX,Clothing,false,Product 336,244.67,336,4.4,803,2026-04-05T20:28:33.217Z
ToyFun,Books,false,Product 337,829.57,337,1.7,587,2026-04-05T20:28:33.217Z
GardenMaster,Toys,true,Product 338,226.98,338,1.4,226,2026-04-05T20:28:33.217Z
BookWorm,Automotive,true,Product 339,493.69,339,4.4,986,2026-04-05T20:28:33.217Z
HomeSmart,Food,false,Product 340,660.87,340,2.1,779,2026-04-05T20:28:33.217Z
AutoZoom,Clothing,true,Product 341,721.43,341,2.5,748,2026-04-05T20:28:33.217Z
TechPro,Books,false,Product 342,919.04,342,3.9,735,2026-04-05T20:28:33.217Z
TechPro,Home,false,Product 343,524.93,343,4,284,2026-04-05T20:28:33.217Z
FashionX,Garden,true,Product 344,323.56,344,4.7,432,2026-04-05T20:28:33.217Z
GardenMaster,Beauty,true,Product 345,661.95,345,1.2,295,2026-04-05T20:28:33.217Z
TechPro,Home,false,Product 346,230.26,346,2.5,532,2026-04-05T20:28:33.217Z
TastyBites,Clothing,true,Product 347,486.89,347,1.9,964,2026-04-05T20:28:33.217Z
TechPro,Clothing,false,Product 348,813.54,348,3.6,936,2026-04-05T20:28:33.217Z
HomeSmart,Garden,true,Product 349,278.74,349,1.9,509,2026-04-05T20:28:33.217Z
GardenMaster,Home,true,Product 350,139.33,350,2.1,645,2026-04-05T20:28:33.217Z
BeautyGlow,Electronics,false,Product 351,287.11,351,2.1,619,2026-04-05T20:28:33.217Z
HomeSmart,Beauty,true,Product 352,20.76,352,1.9,635,2026-04-05T20:28:33.217Z
TastyBites,Garden,false,Product 353,188.97,353,3.1,326,2026-04-05T20:28:33.217Z
BookWorm,Garden,true,Product 354,180.05,354,3.6,21,2026-04-05T20:28:33.217Z
AutoZoom,Toys,false,Product 355,551.79,355,2.9,765,2026-04-05T20:28:33.217Z
ToyFun,Automotive,false,Product 356,461.83,356,2.1,966,2026-04-05T20:28:33.217Z
AutoZoom,Electronics,false,Product 357,599.85,357,5,457,2026-04-05T20:28:33.217Z
GardenMaster,Electronics,true,Product 358,796.47,358,3.9,214,2026-04-05T20:28:33.217Z
BeautyGlow,Toys,false,Product 359,52.32,359,4.9,578,2026-04-05T20:28:33.217Z
AutoZoom,Garden,true,Product 360,871.24,360,3.5,816,2026-04-05T20:28:33.217Z
BookWorm,Food,true,Product 361,139.2,361,3.9,782,2026-04-05T20:28:33.217Z
TechPro,Beauty,false,Product 362,537.56,362,2.8,147,2026-04-05T20:28:33.217Z
FashionX,Books,true,Product 363,400.7,363,1.9,100,2026-04-05T20:28:33.217Z
TastyBites,Food,false,Product 364,123.1,364,3.7,542,2026-04-05T20:28:33.217Z
FashionX,Clothing,true,Product 365,40.22,365,1,323,2026-04-05T20:28:33.217Z
ToyFun,Electronics,true,Product 366,284.73,366,1.3,285,2026-04-05T20:28:33.217Z
BeautyGlow,Home,true,Product 367,612.43,367,3.8,536,2026-04-05T20:28:33.217Z
AutoZoom,Garden,true,Product 368,596.59,368,4.4,408,2026-04-05T20:28:33.217Z
SportMax,Sports,false,Product 369,640.16,369,4.3,846,2026-04-05T20:28:33.217Z
GardenMaster,Food,true,Product 370,568.3,370,4.9,331,2026-04-05T20:28:33.217Z
AutoZoom,Sports,true,Product 371,278.55,371,1.8,936,2026-04-05T20:28:33.217Z
BookWorm,Sports,true,Product 372,182.1,372,2.9,916,2026-04-05T20:28:33.217Z
GardenMaster,Electronics,true,Product 373,27.51,373,2.1,137,2026-04-05T20:28:33.217Z
AutoZoom,Clothing,false,Product 374,476.77,374,4.7,292,2026-04-05T20:28:33.217Z
TastyBites,Clothing,false,Product 375,28.29,375,2.6,494,2026-04-05T20:28:33.217Z
HomeSmart,Clothing,false,Product 376,750.4,376,1.5,456,2026-04-05T20:28:33.217Z
ToyFun,Food,true,Product 377,763.66,377,2.4,363,2026-04-05T20:28:33.217Z
TechPro,Beauty,false,Product 378,692.62,378,3.2,650,2026-04-05T20:28:33.217Z
AutoZoom,Toys,false,Product 379,-80.84,379,1.6,919,2026-04-05T20:28:33.217Z
BeautyGlow,Electronics,false,Product 380,484.86,380,4.9,63,2026-04-05T20:28:33.217Z
FashionX,Garden,true,Product 381,344.81,381,3.8,892,2026-04-05T20:28:33.217Z
TechPro,Toys,false,Product 382,58.12,382,1.6,966,2026-04-05T20:28:33.217Z
BeautyGlow,Beauty,false,Product 383,738.33,383,3.9,441,2026-04-05T20:28:33.217Z
HomeSmart,Sports,false,Product 384,641.93,384,4,9,2026-04-05T20:28:33.217Z
BookWorm,Automotive,true,Product 385,976.57,385,4.8,191,2026-04-05T20:28:33.217Z
AutoZoom,Home,true,Product 386,898.65,386,2.9,960,2026-04-05T20:28:33.217Z
GardenMaster,Books,true,Product 387,670.98,387,2.9,934,2026-04-05T20:28:33.217Z
AutoZoom,Food,true,Product 388,458.03,388,3.3,678,2026-04-05T20:28:33.217Z
TechPro,Sports,true,Product 389,71.59,389,1,24,2026-04-05T20:28:33.217Z
HomeSmart,Toys,true,Product 390,412.39,390,3.1,674,2026-04-05T20:28:33.217Z
ToyFun,Food,true,Product 391,199.04,391,3.4,139,2026-04-05T20:28:33.217Z
HomeSmart,Clothing,true,Product 392,347.23,392,4.8,397,2026-04-05T20:28:33.217Z
SportMax,Sports,true,Product 393,525.97,393,2.8,914,2026-04-05T20:28:33.217Z
AutoZoom,Toys,true,Product 394,801.27,394,1.6,425,2026-04-05T20:28:33.217Z
ToyFun,Garden,true,Product 395,491.52,395,4.5,396,2026-04-05T20:28:33.217Z
SportMax,Garden,false,Product 396,-388.77,396,3.1,982,2026-04-05T20:28:33.217Z
HomeSmart,Sports,false,Product 397,127.81,397,3.1,947,2026-04-05T20:28:33.217Z
AutoZoom,Toys,false,Product 398,795.5,398,3,476,2026-04-05T20:28:33.217Z
ToyFun,Automotive,false,Product 399,75.53,399,4.3,733,2026-04-05T20:28:33.217Z
HomeSmart,Automotive,true,Product 400,850.01,400,3.6,282,2026-04-05T20:28:33.217Z
ToyFun,Sports,false,Product 401,653.28,401,3.3,458,2026-04-05T20:28:33.217Z
BeautyGlow,Sports,false,Product 402,670.89,402,5,314,2026-04-05T20:28:33.217Z
TechPro,Toys,false,Product 403,131.88,403,4.1,567,2026-04-05T20:28:33.217Z
HomeSmart,Electronics,false,Product 404,800.49,404,1.1,745,2026-04-05T20:28:33.217Z
BookWorm,Sports,true,Product 405,913.59,405,1.4,278,2026-04-05T20:28:33.217Z
HomeSmart,Automotive,true,Product 406,640.9,406,1.7,625,2026-04-05T20:28:33.217Z
TechPro,Clothing,true,Product 407,165.96,407,2.4,155,2026-04-05T20:28:33.217Z
HomeSmart,Home,false,Product 408,412.83,408,1.7,418,2026-04-05T20:28:33.217Z
GardenMaster,Electronics,true,Product 409,632.72,409,2.4,206,2026-04-05T20:28:33.217Z
ToyFun,Toys,false,Product 410,22.73,410,1.3,482,2026-04-05T20:28:33.217Z
ToyFun,Garden,false,Product 411,512.22,411,3.6,428,2026-04-05T20:28:33.217Z
SportMax,Toys,false,Product 412,596.37,412,4.5,429,2026-04-05T20:28:33.217Z
TechPro,Beauty,true,Product 413,995.04,413,1.6,60,2026-04-05T20:28:33.217Z
HomeSmart,Sports,true,Product 414,744.69,414,4.4,820,2026-04-05T20:28:33.217Z
TastyBites,Books,false,Product 415,588.14,415,1.7,575,2026-04-05T20:28:33.217Z
ToyFun,Electronics,false,Product 416,663.41,416,1.2,34,2026-04-05T20:28:33.217Z
AutoZoom,Home,true,Product 417,825.31,417,3.9,56,2026-04-05T20:28:33.217Z
ToyFun,Home,false,Product 418,51.11,418,4.6,643,2026-04-05T20:28:33.217Z
TechPro,Electronics,true,Product 419,103.24,419,2.1,6,2026-04-05T20:28:33.217Z
GardenMaster,Electronics,false,Product 420,269.55,420,3.3,686,2026-04-05T20:28:33.217Z
TechPro,Clothing,false,Product 421,69.01,421,1.6,237,2026-04-05T20:28:33.217Z
HomeSmart,Toys,false,Product 422,965.51,422,5,182,2026-04-05T20:28:33.217Z
TechPro,Sports,true,Product 423,637.21,423,4.7,392,2026-04-05T20:28:33.217Z
SportMax,Books,true,Product 424,484.89,424,2.6,535,2026-04-05T20:28:33.217Z
BookWorm,Garden,true,Product 425,312.09,425,2,877,2026-04-05T20:28:33.217Z
FashionX,Toys,true,Product 426,28.25,426,1.2,859,2026-04-05T20:28:33.217Z
TechPro,Toys,true,Product 427,315.24,427,3.6,883,2026-04-05T20:28:33.217Z
GardenMaster,Sports,false,Product 428,952.44,428,3.2,314,2026-04-05T20:28:33.217Z
GardenMaster,Garden,true,Product 429,894.68,429,3.3,538,2026-04-05T20:28:33.217Z
TechPro,Automotive,false,Product 430,30.78,430,4.1,642,2026-04-05T20:28:33.217Z
HomeSmart,Home,true,Product 431,881.87,431,4.8,297,2026-04-05T20:28:33.217Z
GardenMaster,Home,false,Product 432,597.9,432,1.3,411,2026-04-05T20:28:33.217Z
TastyBites,Books,false,Product 433,484.14,433,3.9,463,2026-04-05T20:28:33.217Z
TastyBites,Food,false,Product 434,147.78,434,3.2,740,2026-04-05T20:28:33.217Z
FashionX,Clothing,true,Product 435,296.88,435,3.3,758,2026-04-05T20:28:33.217Z
HomeSmart,Books,false,Product 436,-614.02,436,2.4,379,2026-04-05T20:28:33.217Z
BeautyGlow,Home,true,Product 437,837.44,437,4.8,852,2026-04-05T20:28:33.217Z
BookWorm,Books,false,Product 438,970.76,438,3.8,318,2026-04-05T20:28:33.217Z
BookWorm,Food,false,Product 439,14.86,439,5,207,2026-04-05T20:28:33.217Z
GardenMaster,Garden,true,Product 440,778.78,440,4.2,38,2026-04-05T20:28:33.217Z
GardenMaster,Home,false,Product 441,406.7,441,3.6,424,2026-04-05T20:28:33.217Z
SportMax,Electronics,false,Product 442,527.97,442,3.6,905,2026-04-05T20:28:33.217Z
ToyFun,Electronics,false,Product 443,150.56,443,3.4,610,2026-04-05T20:28:33.217Z
BeautyGlow,Automotive,false,Product 444,545.3,444,4.2,820,2026-04-05T20:28:33.217Z
TastyBites,Food,false,Product 445,815.9,445,3.5,37,2026-04-05T20:28:33.217Z
TastyBites,Electronics,true,Product 446,253.31,446,1.4,418,2026-04-05T20:28:33.217Z
GardenMaster,Automotive,true,Product 447,223.02,447,2.6,717,2026-04-05T20:28:33.217Z
HomeSmart,Beauty,true,Product 448,907.58,448,2.2,644,2026-04-05T20:28:33.217Z
TastyBites,Books,true,Product 449,116.34,449,4.1,78,2026-04-05T20:28:33.217Z
HomeSmart,Automotive,true,Product 450,483.05,450,3.3,771,2026-04-05T20:28:33.217Z
ToyFun,Home,false,Product 451,21.12,451,2.4,903,2026-04-05T20:28:33.217Z
AutoZoom,Books,false,Product 452,33.33,452,4.3,746,2026-04-05T20:28:33.217Z
SportMax,Electronics,true,Product 453,237.26,453,1.2,596,2026-04-05T20:28:33.217Z
SportMax,Toys,true,Product 454,941.31,454,3.9,450,2026-04-05T20:28:33.217Z
TechPro,Beauty,false,Product 455,966.92,455,2.8,224,2026-04-05T20:28:33.217Z
BookWorm,Food,true,Product 456,786.91,456,1.9,443,2026-04-05T20:28:33.217Z
AutoZoom,Beauty,true,Product 457,450.29,457,2,586,2026-04-05T20:28:33.217Z
BeautyGlow,Home,false,Product 458,956.03,458,4.5,864,2026-04-05T20:28:33.217Z
BookWorm,Food,false,Product 459,575.13,459,4.5,333,2026-04-05T20:28:33.217Z
FashionX,Books,false,Product 460,442.95,460,4.5,250,2026-04-05T20:28:33.217Z
BeautyGlow,Food,false,Product 461,73.13,461,2.3,526,2026-04-05T20:28:33.217Z
TechPro,Sports,true,Product 462,836.75,462,3.3,27,2026-04-05T20:28:33.217Z
AutoZoom,Sports,false,Product 463,660.53,463,4.4,144,2026-04-05T20:28:33.217Z
BookWorm,Automotive,true,Product 464,422.25,464,1.6,587,2026-04-05T20:28:33.217Z
AutoZoom,Home,true,Product 465,95.39,465,2.8,199,2026-04-05T20:28:33.217Z
FashionX,Toys,true,Product 466,671.86,466,1.2,53,2026-04-05T20:28:33.217Z
SportMax,Electronics,true,Product 467,902.05,467,3.8,618,2026-04-05T20:28:33.217Z
AutoZoom,Automotive,false,Product 468,828.74,468,4.8,287,2026-04-05T20:28:33.217Z
ToyFun,Clothing,true,Product 469,647.94,469,4.6,482,2026-04-05T20:28:33.217Z
TastyBites,Food,false,Product 470,124.38,470,2.7,385,2026-04-05T20:28:33.217Z
AutoZoom,Garden,true,Product 471,797.85,471,1.7,875,2026-04-05T20:28:33.217Z
BeautyGlow,Toys,false,Product 472,901.58,472,2,619,2026-04-05T20:28:33.217Z
HomeSmart,Clothing,true,Product 473,33.52,473,1.9,767,2026-04-05T20:28:33.217Z
GardenMaster,Toys,true,Product 474,887.88,474,2.8,309,2026-04-05T20:28:33.217Z
TechPro,Garden,false,Product 475,996.34,475,1.4,320,2026-04-05T20:28:33.217Z
BeautyGlow,Garden,false,Product 476,456.9,476,1.4,891,2026-04-05T20:28:33.217Z
AutoZoom,Garden,false,Product 477,262.23,477,1.1,481,2026-04-05T20:28:33.217Z
AutoZoom,Books,true,Product 478,774.66,478,2.4,647,2026-04-05T20:28:33.217Z
HomeSmart,Sports,true,Product 479,945.67,479,2.2,768,2026-04-05T20:28:33.217Z
HomeSmart,Clothing,true,Product 480,511.89,480,3.5,5,2026-04-05T20:28:33.217Z
GardenMaster,Clothing,true,Product 481,593.08,481,4.5,798,2026-04-05T20:28:33.217Z
TastyBites,Food,false,Product 482,990.96,482,4.1,354,2026-04-05T20:28:33.217Z
GardenMaster,Clothing,true,Product 483,638.49,483,4.8,253,2026-04-05T20:28:33.217Z
HomeSmart,Beauty,true,Product 484,629.89,484,1.6,905,2026-04-05T20:28:33.217Z
AutoZoom,Garden,false,Product 485,-162.35,485,4.8,715,2026-04-05T20:28:33.217Z
GardenMaster,Sports,false,Product 486,849.52,486,1.1,53,2026-04-05T20:28:33.217Z
TastyBites,Garden,true,Product 487,505.81,487,2.8,530,2026-04-05T20:28:33.217Z
BookWorm,Sports,true,Product 488,910.21,488,2.1,178,2026-04-05T20:28:33.217Z
HomeSmart,Beauty,false,Product 489,628.47,489,4.1,896,2026-04-05T20:28:33.217Z
AutoZoom,Garden,false,Product 490,337.13,490,4.4,440,2026-04-05T20:28:33.217Z
ToyFun,Food,true,Product 491,967.29,491,3.7,443,2026-04-05T20:28:33.217Z
TechPro,Toys,false,Product 492,512.45,492,2.2,131,2026-04-05T20:28:33.217Z
AutoZoom,Food,true,Product 493,601.07,493,1.9,194,2026-04-05T20:28:33.217Z
HomeSmart,Food,false,Product 494,584.14,494,2.2,441,2026-04-05T20:28:33.217Z
ToyFun,Garden,false,Product 495,228.38,495,4.3,258,2026-04-05T20:28:33.217Z
TechPro,Electronics,false,Product 496,198.83,496,3.4,664,2026-04-05T20:28:33.217Z
TechPro,Food,false,Product 497,639.35,497,2.7,454,2026-04-05T20:28:33.217Z
ToyFun,Clothing,false,Product 498,41.07,498,1.6,280,2026-04-05T20:28:33.217Z
BookWorm,Sports,false,Product 499,225.7,499,2,968,2026-04-05T20:28:33.217Z
FashionX,Toys,true,Product 500,-407.13,500,2,930,2026-04-05T20:28:33.217Z
SportMax,Garden,false,Product 501,653.9,501,2.2,168,2026-04-05T20:28:33.217Z
SportMax,Food,false,Product 502,813.47,502,3,25,2026-04-05T20:28:33.217Z
TechPro,Electronics,false,Product 503,681.61,503,3.3,645,2026-04-05T20:28:33.217Z
BeautyGlow,Sports,true,Product 504,486.98,504,1.6,442,2026-04-05T20:28:33.217Z
ToyFun,Books,false,Product 505,469.33,505,1.3,189,2026-04-05T20:28:33.217Z
AutoZoom,Garden,true,Product 506,83.72,506,3.4,134,2026-04-05T20:28:33.217Z
TastyBites,Automotive,true,Product 507,615.83,507,4.4,26,2026-04-05T20:28:33.217Z
FashionX,Automotive,true,Product 508,353.97,508,4.5,3,2026-04-05T20:28:33.217Z
FashionX,Garden,true,Product 509,963.63,509,2,684,2026-04-05T20:28:33.217Z
ToyFun,Clothing,true,Product 510,936.51,510,3.8,761,2026-04-05T20:28:33.217Z
TechPro,Toys,true,Product 511,226.05,511,3,721,2026-04-05T20:28:33.217Z
BookWorm,Food,true,Product 512,418.01,512,5,763,2026-04-05T20:28:33.217Z
HomeSmart,Electronics,true,Product 513,854.24,513,3.6,760,2026-04-05T20:28:33.217Z
TechPro,Home,false,Product 514,692.87,514,1.9,409,2026-04-05T20:28:33.217Z
TechPro,Books,true,Product 515,47.62,515,4.8,984,2026-04-05T20:28:33.217Z
AutoZoom,Garden,false,Product 516,351.59,516,4.4,409,2026-04-05T20:28:33.217Z
AutoZoom,Food,true,Product 517,262.02,517,4.5,723,2026-04-05T20:28:33.217Z
BookWorm,Electronics,false,Product 518,639.92,518,2.5,604,2026-04-05T20:28:33.217Z
BeautyGlow,Books,true,Product 519,390.35,519,4.5,838,2026-04-05T20:28:33.217Z
TechPro,Home,true,Product 520,340.88,520,3.7,18,2026-04-05T20:28:33.217Z
ToyFun,Electronics,true,Product 521,498.26,521,2.4,188,2026-04-05T20:28:33.217Z
ToyFun,Clothing,false,Product 522,392.84,522,3.2,186,2026-04-05T20:28:33.217Z
HomeSmart,Toys,false,Product 523,824.67,523,1.2,804,2026-04-05T20:28:33.217Z
BookWorm,Sports,false,Product 524,198.55,524,1.1,809,2026-04-05T20:28:33.217Z
ToyFun,Automotive,true,Product 525,79.32,525,1.6,50,2026-04-05T20:28:33.217Z
BeautyGlow,Beauty,true,Product 526,641.25,526,1.2,335,2026-04-05T20:28:33.217Z
TechPro,Toys,false,Product 527,461.59,527,1.5,65,2026-04-05T20:28:33.217Z
AutoZoom,Toys,false,Product 528,927.61,528,4.2,44,2026-04-05T20:28:33.217Z
GardenMaster,Beauty,false,Product 529,268.66,529,4.2,928,2026-04-05T20:28:33.217Z
BookWorm,Home,true,Product 530,579.31,530,1.1,814,2026-04-05T20:28:33.217Z
TastyBites,Home,false,Product 531,11.81,531,2.8,699,2026-04-05T20:28:33.217Z
GardenMaster,Electronics,true,Product 532,984.54,532,3.5,211,2026-04-05T20:28:33.217Z
HomeSmart,Clothing,true,Product 533,178.88,533,1.2,490,2026-04-05T20:28:33.217Z
AutoZoom,Clothing,false,Product 534,512.29,534,3.8,469,2026-04-05T20:28:33.217Z
AutoZoom,Food,false,Product 535,395.86,535,3.5,17,2026-04-05T20:28:33.217Z
AutoZoom,Sports,false,Product 536,985.79,536,3.9,163,2026-04-05T20:28:33.217Z
GardenMaster,Home,true,Product 537,580.66,537,3.9,729,2026-04-05T20:28:33.217Z
BeautyGlow,Garden,false,Product 538,246.1,538,3.1,409,2026-04-05T20:28:33.217Z
TechPro,Food,false,Product 539,217.74,539,2.5,704,2026-04-05T20:28:33.217Z
HomeSmart,Home,false,Product 540,562.43,540,1.6,221,2026-04-05T20:28:33.217Z
BookWorm,Automotive,true,Product 541,365.01,541,2.3,172,2026-04-05T20:28:33.217Z
AutoZoom,Books,false,Product 542,129.27,542,2.5,567,2026-04-05T20:28:33.217Z
TastyBites,Sports,true,Product 543,753.31,543,5,63,2026-04-05T20:28:33.217Z
BeautyGlow,Books,false,Product 544,807.95,544,3.2,447,2026-04-05T20:28:33.217Z
SportMax,Garden,false,Product 545,502.13,545,4.5,708,2026-04-05T20:28:33.217Z
HomeSmart,Garden,true,Product 546,969.99,546,3.2,433,2026-04-05T20:28:33.217Z
ToyFun,Toys,true,Product 547,703.97,547,2.4,266,2026-04-05T20:28:33.217Z
BookWorm,Automotive,false,Product 548,351.62,548,4.3,937,2026-04-05T20:28:33.217Z
SportMax,Toys,true,Product 549,126.44,549,4.9,31,2026-04-05T20:28:33.217Z
BookWorm,Garden,false,Product 550,514.72,550,1.4,536,2026-04-05T20:28:33.217Z
SportMax,Automotive,false,Product 551,810.16,551,3.6,203,2026-04-05T20:28:33.217Z
BookWorm,Garden,true,Product 552,414.57,552,2.1,673,2026-04-05T20:28:33.217Z
FashionX,Beauty,false,Product 553,701.98,553,4.9,328,2026-04-05T20:28:33.217Z
FashionX,Home,false,Product 554,518.27,554,1.3,37,2026-04-05T20:28:33.217Z
AutoZoom,Sports,false,Product 555,-930.72,555,4,535,2026-04-05T20:28:33.217Z
GardenMaster,Garden,true,Product 556,864.86,556,4.2,904,2026-04-05T20:28:33.217Z
HomeSmart,Food,false,Product 557,123.92,557,3.3,707,2026-04-05T20:28:33.217Z
ToyFun,Electronics,true,Product 558,957.75,558,3.6,8,2026-04-05T20:28:33.217Z
HomeSmart,Automotive,true,Product 559,587.47,559,3.2,806,2026-04-05T20:28:33.217Z
ToyFun,Toys,false,Product 560,340.69,560,1.1,534,2026-04-05T20:28:33.217Z
BookWorm,Electronics,true,Product 561,669.01,561,2.5,525,2026-04-05T20:28:33.217Z
TechPro,Sports,true,Product 562,567.17,562,2.7,209,2026-04-05T20:28:33.217Z
BookWorm,Home,true,Product 563,120.09,563,3,511,2026-04-05T20:28:33.217Z
FashionX,Toys,false,Product 564,865.03,564,1.4,461,2026-04-05T20:28:33.217Z
TechPro,Toys,true,Product 565,412.74,565,4.4,157,2026-04-05T20:28:33.217Z
TechPro,Books,false,Product 566,477.37,566,1.6,521,2026-04-05T20:28:33.217Z
FashionX,Home,false,Product 567,518.64,567,2.7,555,2026-04-05T20:28:33.217Z
BeautyGlow,Food,true,Product 568,919.2,568,3.2,192,2026-04-05T20:28:33.217Z
TechPro,Sports,true,Product 569,183.5,569,3.8,465,2026-04-05T20:28:33.217Z
FashionX,Books,true,Product 570,866.3,570,2.2,355,2026-04-05T20:28:33.217Z
GardenMaster,Beauty,true,Product 571,514.29,571,2,827,2026-04-05T20:28:33.217Z
BeautyGlow,Automotive,false,Product 572,130.38,572,2.3,191,2026-04-05T20:28:33.217Z
TechPro,Home,true,Product 573,869.19,573,4.6,625,2026-04-05T20:28:33.217Z
ToyFun,Home,false,Product 574,318.53,574,4.4,595,2026-04-05T20:28:33.217Z
HomeSmart,Beauty,true,Product 575,819.11,575,1.4,947,2026-04-05T20:28:33.217Z
GardenMaster,Home,true,Product 576,973.71,576,4.2,488,2026-04-05T20:28:33.217Z
BookWorm,Clothing,false,Product 577,883.77,577,4.1,987,2026-04-05T20:28:33.217Z
HomeSmart,Automotive,false,Product 578,168.89,578,2.9,421,2026-04-05T20:28:33.217Z
ToyFun,Home,true,Product 579,268.6,579,3.9,587,2026-04-05T20:28:33.217Z
BookWorm,Books,false,Product 580,550.99,580,2.3,897,2026-04-05T20:28:33.217Z
SportMax,Food,false,Product 581,539.79,581,3.8,810,2026-04-05T20:28:33.217Z
BookWorm,Sports,true,Product 582,52.94,582,4.5,284,2026-04-05T20:28:33.217Z
AutoZoom,Beauty,true,Product 583,629.83,583,1.9,237,2026-04-05T20:28:33.217Z
GardenMaster,Sports,true,Product 584,404.34,584,4.7,240,2026-04-05T20:28:33.217Z
BookWorm,Clothing,true,Product 585,409.81,585,3.7,223,2026-04-05T20:28:33.217Z
AutoZoom,Sports,true,Product 586,12.16,586,4.5,756,2026-04-05T20:28:33.217Z
GardenMaster,Home,true,Product 587,480.7,587,2.5,336,2026-04-05T20:28:33.217Z
BookWorm,Automotive,true,Product 588,-529.46,588,4.8,583,2026-04-05T20:28:33.217Z
BookWorm,Beauty,false,Product 589,922.63,589,2.6,975,2026-04-05T20:28:33.217Z
AutoZoom,Automotive,false,Product 590,763.04,590,4.5,283,2026-04-05T20:28:33.217Z
TechPro,Clothing,false,Product 591,506.45,591,4.8,567,2026-04-05T20:28:33.217Z
GardenMaster,Home,false,Product 592,296.71,592,1.1,800,2026-04-05T20:28:33.217Z
BeautyGlow,Automotive,false,Product 593,322.82,593,2.6,587,2026-04-05T20:28:33.217Z
BeautyGlow,Garden,true,Product 594,150.66,594,4.2,455,2026-04-05T20:28:33.217Z
TechPro,Books,false,Product 595,852.96,595,3.3,850,2026-04-05T20:28:33.217Z
BookWorm,Garden,true,Product 596,75.11,596,4.1,245,2026-04-05T20:28:33.217Z
ToyFun,Food,true,Product 597,-490.15,597,3.2,298,2026-04-05T20:28:33.217Z
BookWorm,Beauty,true,Product 598,26.84,598,2.2,956,2026-04-05T20:28:33.217Z
TechPro,Toys,true,Product 599,453.88,599,3.1,58,2026-04-05T20:28:33.217Z
ToyFun,Home,true,Product 600,664.45,600,3.7,263,2026-04-05T20:28:33.217Z
ToyFun,Garden,true,Product 601,248.15,601,3,538,2026-04-05T20:28:33.217Z
HomeSmart,Automotive,true,Product 602,559.93,602,5,807,2026-04-05T20:28:33.217Z
AutoZoom,Books,true,Product 603,547.56,603,3.5,25,2026-04-05T20:28:33.217Z
TastyBites,Automotive,true,Product 604,705.09,604,3.8,960,2026-04-05T20:28:33.217Z
SportMax,Automotive,true,Product 605,762.95,605,4.3,734,2026-04-05T20:28:33.217Z
ToyFun,Toys,false,Product 606,368.55,606,1.2,867,2026-04-05T20:28:33.217Z
BookWorm,Automotive,true,Product 607,246.37,607,3.8,879,2026-04-05T20:28:33.217Z
GardenMaster,Home,false,Product 608,435.73,608,3.8,572,2026-04-05T20:28:33.217Z
BookWorm,Books,false,Product 609,985.17,609,1.6,665,2026-04-05T20:28:33.217Z
ToyFun,Clothing,true,Product 610,261.6,610,4.3,145,2026-04-05T20:28:33.217Z
TastyBites,Food,true,Product 611,529.18,611,3.8,299,2026-04-05T20:28:33.217Z
BeautyGlow,Automotive,false,Product 612,216.42,612,3,954,2026-04-05T20:28:33.217Z
TechPro,Automotive,true,Product 613,667.93,613,2,596,2026-04-05T20:28:33.217Z
SportMax,Food,false,Product 614,440.79,614,3.7,593,2026-04-05T20:28:33.217Z
HomeSmart,Home,false,Product 615,228.23,615,3.9,449,2026-04-05T20:28:33.217Z
TastyBites,Electronics,true,Product 616,530.11,616,4.2,828,2026-04-05T20:28:33.217Z
AutoZoom,Beauty,false,Product 617,850.45,617,4.3,797,2026-04-05T20:28:33.217Z
AutoZoom,Home,true,Product 618,514.58,618,2.1,301,2026-04-05T20:28:33.217Z
HomeSmart,Books,true,Product 619,949.22,619,3.4,456,2026-04-05T20:28:33.217Z
TechPro,Food,false,Product 620,430.9,620,4.6,926,2026-04-05T20:28:33.217Z
BookWorm,Sports,false,Product 621,16.4,621,3.1,123,2026-04-05T20:28:33.217Z
GardenMaster,Toys,false,Product 622,331.02,622,3.7,20,2026-04-05T20:28:33.217Z
AutoZoom,Toys,false,Product 623,698.79,623,1.5,758,2026-04-05T20:28:33.217Z
AutoZoom,Home,false,Product 624,277.69,624,4.4,739,2026-04-05T20:28:33.217Z
TastyBites,Food,false,Product 625,949.57,625,1.1,444,2026-04-05T20:28:33.217Z
TechPro,Electronics,false,Product 626,546.31,626,4.9,443,2026-04-05T20:28:33.217Z
AutoZoom,Home,false,Product 627,701.18,627,4.5,455,2026-04-05T20:28:33.217Z
SportMax,Books,true,Product 628,74.05,628,1.2,660,2026-04-05T20:28:33.217Z
FashionX,Clothing,true,Product 629,472.3,629,3.1,159,2026-04-05T20:28:33.217Z
TechPro,Beauty,true,Product 630,827.06,630,3.9,845,2026-04-05T20:28:33.217Z
BookWorm,Food,false,Product 631,974.65,631,4.2,662,2026-04-05T20:28:33.217Z
GardenMaster,Electronics,true,Product 632,542.55,632,1.8,112,2026-04-05T20:28:33.217Z
BookWorm,Clothing,true,Product 633,354.77,633,4.4,312,2026-04-05T20:28:33.217Z
TastyBites,Sports,true,Product 634,215.72,634,3.5,690,2026-04-05T20:28:33.217Z
BookWorm,Home,true,Product 635,716.3,635,2.2,808,2026-04-05T20:28:33.217Z
HomeSmart,Beauty,true,Product 636,778.43,636,4.4,174,2026-04-05T20:28:33.217Z
SportMax,Automotive,true,Product 637,465.09,637,3.5,230,2026-04-05T20:28:33.217Z
GardenMaster,Beauty,true,Product 638,432.34,638,4.7,441,2026-04-05T20:28:33.217Z
HomeSmart,Toys,false,Product 639,109.79,639,1.6,647,2026-04-05T20:28:33.217Z
FashionX,Books,true,Product 640,963.36,640,4,502,2026-04-05T20:28:33.217Z
TastyBites,Electronics,false,Product 641,973.08,641,4.9,413,2026-04-05T20:28:33.217Z
TechPro,Books,false,Product 642,-606.65,642,1.3,387,2026-04-05T20:28:33.217Z
ToyFun,Food,true,Product 643,338.84,643,1.3,290,2026-04-05T20:28:33.217Z
SportMax,Electronics,true,Product 644,374.54,644,4.4,932,2026-04-05T20:28:33.217Z
HomeSmart,Clothing,false,Product 645,940.93,645,3.4,756,2026-04-05T20:28:33.217Z
TechPro,Automotive,false,Product 646,735.92,646,1.7,351,2026-04-05T20:28:33.217Z
TastyBites,Electronics,true,Product 647,260.51,647,2.3,204,2026-04-05T20:28:33.217Z
BeautyGlow,Beauty,false,Product 648,106.04,648,4.2,931,2026-04-05T20:28:33.217Z
FashionX,Food,false,Product 649,956.55,649,4.8,664,2026-04-05T20:28:33.217Z
BeautyGlow,Food,false,Product 650,856.04,650,1.8,94,2026-04-05T20:28:33.217Z
TechPro,Home,true,Product 651,191.69,651,2.5,195,2026-04-05T20:28:33.217Z
TastyBites,Garden,true,Product 652,-32.12,652,3.3,985,2026-04-05T20:28:33.217Z
TechPro,Books,true,Product 653,427.24,653,3.8,167,2026-04-05T20:28:33.217Z
SportMax,Garden,true,Product 654,754.6,654,1.6,972,2026-04-05T20:28:33.217Z
HomeSmart,Automotive,false,Product 655,860.57,655,1.5,568,2026-04-05T20:28:33.217Z
AutoZoom,Home,false,Product 656,54.88,656,1.2,971,2026-04-05T20:28:33.217Z
TechPro,Clothing,true,Product 657,499.41,657,2.4,932,2026-04-05T20:28:33.217Z
ToyFun,Garden,true,Product 658,382.7,658,2.9,402,2026-04-05T20:28:33.217Z
BookWorm,Books,false,Product 659,243.14,659,4.8,138,2026-04-05T20:28:33.217Z
TechPro,Home,false,Product 660,578.11,660,3.8,338,2026-04-05T20:28:33.217Z
ToyFun,Clothing,false,Product 661,712.84,661,1.9,126,2026-04-05T20:28:33.217Z
ToyFun,Electronics,true,Product 662,619.53,662,2.1,218,2026-04-05T20:28:33.217Z
TechPro,Toys,false,Product 663,823.85,663,2.5,473,2026-04-05T20:28:33.217Z
AutoZoom,Food,true,Product 664,31.17,664,4,603,2026-04-05T20:28:33.217Z
TechPro,Home,true,Product 665,57.59,665,2.9,170,2026-04-05T20:28:33.217Z
BeautyGlow,Sports,true,Product 666,876.89,666,1.4,665,2026-04-05T20:28:33.217Z
FashionX,Sports,true,Product 667,46.89,667,4.6,348,2026-04-05T20:28:33.217Z
SportMax,Books,false,Product 668,778.86,668,4.4,50,2026-04-05T20:28:33.217Z
HomeSmart,Clothing,true,Product 669,121.21,669,1.3,287,2026-04-05T20:28:33.217Z
BookWorm,Toys,true,Product 670,-674.24,670,4.1,24,2026-04-05T20:28:33.217Z
SportMax,Books,true,Product 671,419.01,671,2.7,29,2026-04-05T20:28:33.217Z
HomeSmart,Toys,true,Product 672,354.8,672,3,243,2026-04-05T20:28:33.217Z
TastyBites,Beauty,true,Product 673,616.05,673,2.3,297,2026-04-05T20:28:33.217Z
ToyFun,Food,false,Product 674,732.18,674,3.6,192,2026-04-05T20:28:33.217Z
BeautyGlow,Automotive,false,Product 675,950.59,675,1.5,148,2026-04-05T20:28:33.217Z
TechPro,Books,true,Product 676,182.01,676,4,707,2026-04-05T20:28:33.217Z
FashionX,Beauty,false,Product 677,612.63,677,4.6,989,2026-04-05T20:28:33.217Z
SportMax,Beauty,true,Product 678,139.57,678,1.9,324,2026-04-05T20:28:33.217Z
FashionX,Sports,false,Product 679,429.86,679,4.2,779,2026-04-05T20:28:33.217Z
TechPro,Home,true,Product 680,661.93,680,1.7,735,2026-04-05T20:28:33.217Z
AutoZoom,Clothing,true,Product 681,263.62,681,4.7,2,2026-04-05T20:28:33.217Z
AutoZoom,Automotive,true,Product 682,888.61,682,4.9,69,2026-04-05T20:28:33.217Z
FashionX,Automotive,false,Product 683,156.98,683,1.2,630,2026-04-05T20:28:33.217Z
ToyFun,Beauty,true,Product 684,39.04,684,4.5,618,2026-04-05T20:28:33.217Z
SportMax,Toys,true,Product 685,311.53,685,3.4,37,2026-04-05T20:28:33.217Z
AutoZoom,Beauty,true,Product 686,688.76,686,2.5,887,2026-04-05T20:28:33.217Z
AutoZoom,Sports,false,Product 687,822.75,687,2.8,363,2026-04-05T20:28:33.217Z
GardenMaster,Beauty,true,Product 688,66.06,688,3.7,185,2026-04-05T20:28:33.217Z
FashionX,Garden,true,Product 689,832.19,689,2.2,845,2026-04-05T20:28:33.217Z
BookWorm,Food,true,Product 690,984.91,690,4.3,552,2026-04-05T20:28:33.217Z
BeautyGlow,Sports,true,Product 691,922,691,1.1,247,2026-04-05T20:28:33.217Z
GardenMaster,Automotive,true,Product 692,-401.14,692,2.1,597,2026-04-05T20:28:33.217Z
ToyFun,Toys,true,Product 693,717.72,693,3.5,875,2026-04-05T20:28:33.217Z
GardenMaster,Toys,true,Product 694,803.59,694,3.4,623,2026-04-05T20:28:33.217Z
GardenMaster,Toys,true,Product 695,839.36,695,3.7,411,2026-04-05T20:28:33.217Z
AutoZoom,Books,true,Product 696,805.77,696,3.8,349,2026-04-05T20:28:33.217Z
TastyBites,Electronics,false,Product 697,269.95,697,4,37,2026-04-05T20:28:33.217Z
GardenMaster,Sports,true,Product 698,216.69,698,2.3,936,2026-04-05T20:28:33.217Z
BeautyGlow,Automotive,false,Product 699,415.27,699,3.7,353,2026-04-05T20:28:33.217Z
TechPro,Toys,true,Product 700,651.72,700,2.7,977,2026-04-05T20:28:33.217Z
TechPro,Beauty,false,Product 701,853.12,701,2.3,461,2026-04-05T20:28:33.217Z
BeautyGlow,Automotive,true,Product 702,819.74,702,4.2,124,2026-04-05T20:28:33.217Z
SportMax,Automotive,true,Product 703,559.77,703,4.3,709,2026-04-05T20:28:33.217Z
GardenMaster,Toys,true,Product 704,344.43,704,3.8,900,2026-04-05T20:28:33.217Z
FashionX,Electronics,true,Product 705,50.47,705,3.4,84,2026-04-05T20:28:33.217Z
TastyBites,Clothing,true,Product 706,955.23,706,3.4,800,2026-04-05T20:28:33.217Z
ToyFun,Home,false,Product 707,854.81,707,2.4,352,2026-04-05T20:28:33.217Z
BookWorm,Toys,false,Product 708,45.82,708,3,505,2026-04-05T20:28:33.217Z
TastyBites,Books,true,Product 709,721.03,709,3.8,404,2026-04-05T20:28:33.217Z
HomeSmart,Books,false,Product 710,236.4,710,2.7,859,2026-04-05T20:28:33.217Z
GardenMaster,Automotive,true,Product 711,365.94,711,2.3,530,2026-04-05T20:28:33.217Z
AutoZoom,Clothing,true,Product 712,337.87,712,3.4,770,2026-04-05T20:28:33.217Z
BookWorm,Clothing,true,Product 713,271.74,713,3,722,2026-04-05T20:28:33.217Z
SportMax,Electronics,true,Product 714,235.69,714,3.8,247,2026-04-05T20:28:33.217Z
FashionX,Garden,true,Product 715,634.88,715,1.3,138,2026-04-05T20:28:33.217Z
AutoZoom,Toys,false,Product 716,416.06,716,3.6,605,2026-04-05T20:28:33.217Z
ToyFun,Toys,true,Product 717,631.21,717,5,235,2026-04-05T20:28:33.217Z
GardenMaster,Garden,true,Product 718,234.4,718,2.4,376,2026-04-05T20:28:33.217Z
SportMax,Books,true,Product 719,570.43,719,2.6,154,2026-04-05T20:28:33.217Z
BeautyGlow,Home,false,Product 720,476.95,720,3.8,585,2026-04-05T20:28:33.217Z
BookWorm,Food,false,Product 721,477.58,721,3.1,947,2026-04-05T20:28:33.217Z
BookWorm,Books,true,Product 722,691.39,722,2.4,504,2026-04-05T20:28:33.217Z
TastyBites,Food,true,Product 723,107.19,723,1.5,766,2026-04-05T20:28:33.217Z
BeautyGlow,Beauty,true,Product 724,928.53,724,1.1,924,2026-04-05T20:28:33.217Z
HomeSmart,Books,true,Product 725,377.09,725,1.7,237,2026-04-05T20:28:33.217Z
GardenMaster,Toys,false,Product 726,444.47,726,3.5,512,2026-04-05T20:28:33.217Z
ToyFun,Sports,false,Product 727,724.69,727,3.6,323,2026-04-05T20:28:33.217Z
FashionX,Automotive,true,Product 728,445.27,728,3.8,730,2026-04-05T20:28:33.217Z
FashionX,Home,true,Product 729,449.24,729,4.1,5,2026-04-05T20:28:33.217Z
TastyBites,Home,true,Product 730,994.6,730,3.4,818,2026-04-05T20:28:33.217Z
BeautyGlow,Beauty,true,Product 731,268.67,731,5,595,2026-04-05T20:28:33.217Z
TastyBites,Toys,false,Product 732,644.1,732,2.6,953,2026-04-05T20:28:33.217Z
AutoZoom,Clothing,false,Product 733,887.62,733,1.2,537,2026-04-05T20:28:33.217Z
BeautyGlow,Clothing,false,Product 734,990.75,734,2,331,2026-04-05T20:28:33.217Z
TastyBites,Home,false,Product 735,29.23,735,3.6,225,2026-04-05T20:28:33.217Z
SportMax,Automotive,true,Product 736,134.71,736,2.3,876,2026-04-05T20:28:33.217Z
AutoZoom,Clothing,false,Product 737,482.9,737,4.5,27,2026-04-05T20:28:33.217Z
TechPro,Sports,true,Product 738,609.23,738,3.3,139,2026-04-05T20:28:33.217Z
BeautyGlow,Sports,true,Product 739,913.15,739,4.6,934,2026-04-05T20:28:33.217Z
BeautyGlow,Toys,true,Product 740,830.79,740,2.6,350,2026-04-05T20:28:33.217Z
TastyBites,Food,false,Product 741,110.52,741,2.4,998,2026-04-05T20:28:33.217Z
BookWorm,Sports,false,Product 742,516.54,742,4.8,904,2026-04-05T20:28:33.217Z
AutoZoom,Electronics,false,Product 743,212.1,743,2.1,231,2026-04-05T20:28:33.217Z
TechPro,Garden,true,Product 744,-996.07,744,2,163,2026-04-05T20:28:33.217Z
HomeSmart,Beauty,false,Product 745,844.96,745,3.4,115,2026-04-05T20:28:33.217Z
AutoZoom,Home,false,Product 746,803.1,746,2.8,339,2026-04-05T20:28:33.217Z
BookWorm,Sports,false,Product 747,309.14,747,1.2,905,2026-04-05T20:28:33.217Z
SportMax,Sports,false,Product 748,864.57,748,4.4,713,2026-04-05T20:28:33.217Z
HomeSmart,Sports,false,Product 749,441.89,749,3.5,844,2026-04-05T20:28:33.217Z
BookWorm,Home,true,Product 750,353.99,750,3.2,236,2026-04-05T20:28:33.217Z
GardenMaster,Beauty,false,Product 751,158.29,751,3.6,649,2026-04-05T20:28:33.217Z
ToyFun,Automotive,false,Product 752,154.93,752,4,77,2026-04-05T20:28:33.217Z
ToyFun,Garden,true,Product 753,998.28,753,3.8,18,2026-04-05T20:28:33.217Z
BeautyGlow,Food,true,Product 754,832.09,754,4.2,946,2026-04-05T20:28:33.217Z
BeautyGlow,Automotive,true,Product 755,964.62,755,3.3,698,2026-04-05T20:28:33.217Z
HomeSmart,Clothing,true,Product 756,569,756,1.6,991,2026-04-05T20:28:33.217Z
HomeSmart,Books,false,Product 757,169.61,757,2.1,259,2026-04-05T20:28:33.217Z
FashionX,Books,false,Product 758,667.92,758,2.4,42,2026-04-05T20:28:33.217Z
GardenMaster,Food,false,Product 759,538.03,759,4.3,273,2026-04-05T20:28:33.217Z
ToyFun,Sports,false,Product 760,380.71,760,1.9,712,2026-04-05T20:28:33.217Z
GardenMaster,Clothing,true,Product 761,115.08,761,3.7,165,2026-04-05T20:28:33.217Z
ToyFun,Food,false,Product 762,253.56,762,3.5,260,2026-04-05T20:28:33.217Z
FashionX,Beauty,true,Product 763,895.23,763,4,20,2026-04-05T20:28:33.217Z
BeautyGlow,Automotive,false,Product 764,340.24,764,1.7,46,2026-04-05T20:28:33.217Z
ToyFun,Clothing,false,Product 765,124.6,765,4.8,304,2026-04-05T20:28:33.217Z
HomeSmart,Beauty,false,Product 766,832.73,766,4.7,682,2026-04-05T20:28:33.217Z
FashionX,Home,false,Product 767,832.72,767,4.8,167,2026-04-05T20:28:33.217Z
HomeSmart,Clothing,false,Product 768,256.15,768,2.2,679,2026-04-05T20:28:33.217Z
HomeSmart,Sports,true,Product 769,90.6,769,2,683,2026-04-05T20:28:33.217Z
BeautyGlow,Books,false,Product 770,49.19,770,3.1,262,2026-04-05T20:28:33.217Z
HomeSmart,Food,true,Product 771,820.99,771,2.7,708,2026-04-05T20:28:33.217Z
HomeSmart,Electronics,false,Product 772,851.84,772,1.9,785,2026-04-05T20:28:33.217Z
AutoZoom,Electronics,true,Product 773,90.86,773,1.5,290,2026-04-05T20:28:33.217Z
SportMax,Food,true,Product 774,210.99,774,3.3,736,2026-04-05T20:28:33.217Z
TechPro,Books,true,Product 775,950.35,775,3.3,673,2026-04-05T20:28:33.217Z
BookWorm,Electronics,true,Product 776,454.76,776,4.5,410,2026-04-05T20:28:33.217Z
GardenMaster,Beauty,true,Product 777,794.21,777,3.5,19,2026-04-05T20:28:33.217Z
FashionX,Home,false,Product 778,64.89,778,2.5,50,2026-04-05T20:28:33.217Z
TastyBites,Garden,true,Product 779,674.34,779,2.3,290,2026-04-05T20:28:33.217Z
BeautyGlow,Sports,true,Product 780,825.86,780,4.8,861,2026-04-05T20:28:33.217Z
BookWorm,Electronics,false,Product 781,825.69,781,4.9,973,2026-04-05T20:28:33.217Z
BookWorm,Automotive,false,Product 782,348.24,782,3,476,2026-04-05T20:28:33.217Z
SportMax,Toys,true,Product 783,-330.96,783,3.9,147,2026-04-05T20:28:33.217Z
SportMax,Electronics,true,Product 784,580.95,784,1.6,568,2026-04-05T20:28:33.217Z
FashionX,Garden,true,Product 785,790.34,785,3.6,664,2026-04-05T20:28:33.217Z
BeautyGlow,Clothing,false,Product 786,640.29,786,4.8,729,2026-04-05T20:28:33.217Z
BeautyGlow,Food,false,Product 787,933.77,787,1.2,121,2026-04-05T20:28:33.217Z
TechPro,Sports,true,Product 788,163.81,788,3.6,708,2026-04-05T20:28:33.217Z
TechPro,Home,true,Product 789,572.94,789,1.2,375,2026-04-05T20:28:33.217Z
ToyFun,Clothing,true,Product 790,159.45,790,1.9,539,2026-04-05T20:28:33.217Z
BeautyGlow,Garden,false,Product 791,343.46,791,1.3,196,2026-04-05T20:28:33.217Z
FashionX,Books,true,Product 792,833.32,792,2.3,115,2026-04-05T20:28:33.217Z
AutoZoom,Automotive,true,Product 793,655.98,793,4.3,372,2026-04-05T20:28:33.217Z
GardenMaster,Electronics,false,Product 794,264.88,794,3.4,716,2026-04-05T20:28:33.217Z
GardenMaster,Food,true,Product 795,850.83,795,1.4,54,2026-04-05T20:28:33.217Z
AutoZoom,Clothing,false,Product 796,153.2,796,4.1,122,2026-04-05T20:28:33.217Z
GardenMaster,Home,false,Product 797,662.87,797,3,862,2026-04-05T20:28:33.217Z
ToyFun,Beauty,true,Product 798,234.34,798,2.8,365,2026-04-05T20:28:33.217Z
SportMax,Food,true,Product 799,66.64,799,1.1,780,2026-04-05T20:28:33.217Z
FashionX,Electronics,false,Product 800,245.87,800,3.6,536,2026-04-05T20:28:33.217Z
HomeSmart,Home,false,Product 801,228.94,801,3.1,267,2026-04-05T20:28:33.217Z
HomeSmart,Electronics,false,Product 802,297.72,802,1.3,666,2026-04-05T20:28:33.217Z
AutoZoom,Sports,true,Product 803,574.05,803,3.9,397,2026-04-05T20:28:33.217Z
HomeSmart,Electronics,true,Product 804,799.53,804,3.1,890,2026-04-05T20:28:33.217Z
FashionX,Toys,true,Product 805,692.39,805,2.1,793,2026-04-05T20:28:33.217Z
TastyBites,Toys,false,Product 806,498.3,806,1.6,140,2026-04-05T20:28:33.217Z
TechPro,Electronics,true,Product 807,50.08,807,4.8,145,2026-04-05T20:28:33.217Z
HomeSmart,Automotive,false,Product 808,853.97,808,1.6,682,2026-04-05T20:28:33.217Z
HomeSmart,Toys,true,Product 809,486.01,809,3.5,621,2026-04-05T20:28:33.217Z
TechPro,Clothing,false,Product 810,753.88,810,1.9,143,2026-04-05T20:28:33.217Z
AutoZoom,Sports,false,Product 811,709.66,811,2.3,26,2026-04-05T20:28:33.217Z
TechPro,Sports,true,Product 812,267.54,812,4.7,251,2026-04-05T20:28:33.217Z
BeautyGlow,Garden,true,Product 813,563.75,813,4.4,40,2026-04-05T20:28:33.217Z
ToyFun,Electronics,false,Product 814,92.63,814,4.4,960,2026-04-05T20:28:33.217Z
TastyBites,Automotive,true,Product 815,154.16,815,4.2,736,2026-04-05T20:28:33.217Z
TastyBites,Books,false,Product 816,835.47,816,4.4,953,2026-04-05T20:28:33.217Z
GardenMaster,Sports,true,Product 817,530.94,817,1.9,697,2026-04-05T20:28:33.217Z
ToyFun,Garden,true,Product 818,545.01,818,4,119,2026-04-05T20:28:33.217Z
AutoZoom,Electronics,false,Product 819,966.64,819,4.1,41,2026-04-05T20:28:33.217Z
SportMax,Sports,false,Product 820,138.1,820,2.3,384,2026-04-05T20:28:33.217Z
AutoZoom,Home,false,Product 821,863.54,821,4,810,2026-04-05T20:28:33.217Z
TastyBites,Sports,false,Product 822,411.29,822,4.7,297,2026-04-05T20:28:33.217Z
SportMax,Clothing,false,Product 823,370.12,823,2.3,539,2026-04-05T20:28:33.217Z
AutoZoom,Electronics,true,Product 824,51.18,824,1,500,2026-04-05T20:28:33.217Z
TastyBites,Clothing,false,Product 825,28.52,825,1,500,2026-04-05T20:28:33.217Z
AutoZoom,Beauty,false,Product 826,337.45,826,4.2,95,2026-04-05T20:28:33.217Z
SportMax,Books,true,Product 827,430.29,827,1.2,349,2026-04-05T20:28:33.217Z
TastyBites,Food,false,Product 828,973.33,828,3.3,4,2026-04-05T20:28:33.217Z
ToyFun,Automotive,true,Product 829,138.5,829,4.4,191,2026-04-05T20:28:33.217Z
TechPro,Food,false,Product 830,986.14,830,1.1,128,2026-04-05T20:28:33.217Z
BookWorm,Electronics,true,Product 831,565.82,831,1.5,731,2026-04-05T20:28:33.217Z
GardenMaster,Home,true,Product 832,371.83,832,2.2,963,2026-04-05T20:28:33.217Z
HomeSmart,Toys,true,Product 833,137.74,833,2.2,81,2026-04-05T20:28:33.217Z
BeautyGlow,Clothing,true,Product 834,517.24,834,3.7,744,2026-04-05T20:28:33.217Z
BeautyGlow,Home,true,Product 835,740.57,835,2.9,226,2026-04-05T20:28:33.217Z
BookWorm,Toys,true,Product 836,21.38,836,2.1,682,2026-04-05T20:28:33.217Z
SportMax,Sports,true,Product 837,550.99,837,2.3,155,2026-04-05T20:28:33.217Z
BookWorm,Books,true,Product 838,581.94,838,1.1,802,2026-04-05T20:28:33.217Z
SportMax,Clothing,false,Product 839,911.42,839,1,857,2026-04-05T20:28:33.217Z
TastyBites,Beauty,false,Product 840,229.95,840,4.4,105,2026-04-05T20:28:33.217Z
ToyFun,Clothing,false,Product 841,950.64,841,2.4,400,2026-04-05T20:28:33.217Z
BookWorm,Food,true,Product 842,858.54,842,4.8,830,2026-04-05T20:28:33.217Z
TechPro,Food,false,Product 843,541.52,843,4.4,344,2026-04-05T20:28:33.217Z
HomeSmart,Electronics,true,Product 844,215.19,844,2.2,191,2026-04-05T20:28:33.217Z
SportMax,Home,false,Product 845,640.8,845,1.2,160,2026-04-05T20:28:33.217Z
TastyBites,Automotive,true,Product 846,451.91,846,2.4,179,2026-04-05T20:28:33.217Z
BookWorm,Beauty,false,Product 847,245.46,847,1.8,353,2026-04-05T20:28:33.217Z
GardenMaster,Sports,true,Product 848,152.78,848,2.2,573,2026-04-05T20:28:33.217Z
GardenMaster,Toys,true,Product 849,533.69,849,1.8,684,2026-04-05T20:28:33.217Z
ToyFun,Food,true,Product 850,906.22,850,2.5,732,2026-04-05T20:28:33.217Z
GardenMaster,Sports,true,Product 851,258.65,851,1.6,856,2026-04-05T20:28:33.217Z
TechPro,Automotive,true,Product 852,720.56,852,3.7,417,2026-04-05T20:28:33.217Z
SportMax,Food,true,Product 853,270.42,853,2.2,517,2026-04-05T20:28:33.217Z
TechPro,Clothing,true,Product 854,112.15,854,4.6,733,2026-04-05T20:28:33.217Z
TechPro,Books,true,Product 855,225.02,855,3.8,995,2026-04-05T20:28:33.217Z
FashionX,Garden,false,Product 856,129.28,856,2.5,36,2026-04-05T20:28:33.217Z
BeautyGlow,Food,true,Product 857,128.76,857,2.8,352,2026-04-05T20:28:33.217Z
AutoZoom,Garden,false,Product 858,708.02,858,4.5,929,2026-04-05T20:28:33.217Z
BeautyGlow,Beauty,false,Product 859,460.09,859,2.3,563,2026-04-05T20:28:33.217Z
AutoZoom,Toys,false,Product 860,750.09,860,3,11,2026-04-05T20:28:33.217Z
TastyBites,Sports,false,Product 861,710.46,861,3.3,981,2026-04-05T20:28:33.217Z
GardenMaster,Electronics,true,Product 862,752.9,862,1.5,667,2026-04-05T20:28:33.217Z
BookWorm,Toys,true,Product 863,625.74,863,3.4,876,2026-04-05T20:28:33.217Z
SportMax,Sports,false,Product 864,858.15,864,4.3,947,2026-04-05T20:28:33.217Z
GardenMaster,Food,false,Product 865,407.38,865,4.7,230,2026-04-05T20:28:33.217Z
TechPro,Electronics,true,Product 866,800.37,866,4.8,435,2026-04-05T20:28:33.217Z
BeautyGlow,Food,false,Product 867,650.49,867,3.3,314,2026-04-05T20:28:33.217Z
AutoZoom,Toys,true,Product 868,380.53,868,3,889,2026-04-05T20:28:33.217Z
GardenMaster,Toys,true,Product 869,601.22,869,2,827,2026-04-05T20:28:33.217Z
FashionX,Home,true,Product 870,564.09,870,2.1,332,2026-04-05T20:28:33.217Z
TastyBites,Books,false,Product 871,805.82,871,2.6,51,2026-04-05T20:28:33.217Z
HomeSmart,Toys,true,Product 872,978.87,872,1.2,659,2026-04-05T20:28:33.217Z
BeautyGlow,Food,false,Product 873,962.47,873,4.8,66,2026-04-05T20:28:33.217Z
FashionX,Home,false,Product 874,721.86,874,3.7,375,2026-04-05T20:28:33.217Z
HomeSmart,Clothing,true,Product 875,432.13,875,1.9,588,2026-04-05T20:28:33.217Z
BeautyGlow,Toys,true,Product 876,36.34,876,1.7,191,2026-04-05T20:28:33.217Z
TechPro,Clothing,false,Product 877,434.28,877,4,981,2026-04-05T20:28:33.217Z
ToyFun,Food,false,Product 878,514.47,878,3.4,81,2026-04-05T20:28:33.217Z
HomeSmart,Automotive,true,Product 879,66.51,879,3.6,85,2026-04-05T20:28:33.217Z
BookWorm,Beauty,false,Product 880,742.12,880,2,71,2026-04-05T20:28:33.217Z
ToyFun,Sports,false,Product 881,263.41,881,3.4,436,2026-04-05T20:28:33.217Z
AutoZoom,Beauty,true,Product 882,261.86,882,4.1,186,2026-04-05T20:28:33.217Z
SportMax,Food,true,Product 883,371.07,883,2.5,728,2026-04-05T20:28:33.217Z
AutoZoom,Beauty,false,Product 884,636.33,884,4.7,38,2026-04-05T20:28:33.217Z
HomeSmart,Beauty,true,Product 885,19.09,885,3.5,946,2026-04-05T20:28:33.217Z
TechPro,Garden,true,Product 886,383.89,886,3.1,5,2026-04-05T20:28:33.217Z
TastyBites,Garden,false,Product 887,790.37,887,2.4,793,2026-04-05T20:28:33.217Z
HomeSmart,Beauty,true,Product 888,893.34,888,1.8,543,2026-04-05T20:28:33.217Z
BookWorm,Garden,false,Product 889,952.85,889,1.2,724,2026-04-05T20:28:33.217Z
SportMax,Sports,true,Product 890,193.32,890,2,10,2026-04-05T20:28:33.217Z
FashionX,Home,true,Product 891,40.53,891,1.1,840,2026-04-05T20:28:33.217Z
SportMax,Automotive,true,Product 892,860.32,892,3.3,997,2026-04-05T20:28:33.217Z
TastyBites,Sports,true,Product 893,498.61,893,2.4,986,2026-04-05T20:28:33.217Z
TastyBites,Food,true,Product 894,776.86,894,3.7,577,2026-04-05T20:28:33.217Z
HomeSmart,Automotive,false,Product 895,821.07,895,4.8,305,2026-04-05T20:28:33.217Z
HomeSmart,Beauty,true,Product 896,445.85,896,1.2,362,2026-04-05T20:28:33.217Z
GardenMaster,Electronics,true,Product 897,756.13,897,4,566,2026-04-05T20:28:33.217Z
TastyBites,Beauty,false,Product 898,289.39,898,1.9,611,2026-04-05T20:28:33.217Z
SportMax,Electronics,true,Product 899,411.17,899,2.8,793,2026-04-05T20:28:33.217Z
SportMax,Home,true,Product 900,932.44,900,1.3,996,2026-04-05T20:28:33.217Z
TechPro,Sports,false,Product 901,617.01,901,2,883,2026-04-05T20:28:33.217Z
ToyFun,Toys,true,Product 902,504.23,902,4.2,278,2026-04-05T20:28:33.217Z
FashionX,Clothing,false,Product 903,283.36,903,2.1,508,2026-04-05T20:28:33.217Z
TastyBites,Beauty,false,Product 904,746.41,904,1.1,272,2026-04-05T20:28:33.217Z
ToyFun,Food,false,Product 905,513.49,905,2.3,875,2026-04-05T20:28:33.217Z
HomeSmart,Electronics,true,Product 906,71.32,906,3.5,458,2026-04-05T20:28:33.217Z
BeautyGlow,Books,false,Product 907,358.78,907,2,911,2026-04-05T20:28:33.217Z
TechPro,Sports,false,Product 908,261.16,908,1.5,1,2026-04-05T20:28:33.217Z
FashionX,Clothing,false,Product 909,345.64,909,3,560,2026-04-05T20:28:33.217Z
SportMax,Food,false,Product 910,939.79,910,2.5,775,2026-04-05T20:28:33.217Z
AutoZoom,Electronics,true,Product 911,604.72,911,3.7,321,2026-04-05T20:28:33.217Z
TechPro,Toys,false,Product 912,618.6,912,4.4,124,2026-04-05T20:28:33.217Z
SportMax,Electronics,false,Product 913,958.79,913,1.1,161,2026-04-05T20:28:33.217Z
HomeSmart,Home,true,Product 914,219.12,914,1.8,570,2026-04-05T20:28:33.217Z
TechPro,Books,false,Product 915,759.91,915,1.2,869,2026-04-05T20:28:33.217Z
AutoZoom,Electronics,false,Product 916,971.52,916,1.6,862,2026-04-05T20:28:33.217Z
GardenMaster,Sports,true,Product 917,35.62,917,3.9,203,2026-04-05T20:28:33.217Z
GardenMaster,Beauty,true,Product 918,638,918,2.5,403,2026-04-05T20:28:33.217Z
BeautyGlow,Garden,false,Product 919,62.97,919,3.4,11,2026-04-05T20:28:33.217Z
TechPro,Toys,true,Product 920,176.35,920,2.7,721,2026-04-05T20:28:33.217Z
TastyBites,Toys,false,Product 921,525.61,921,1.4,84,2026-04-05T20:28:33.217Z
BeautyGlow,Beauty,true,Product 922,253.65,922,3.1,312,2026-04-05T20:28:33.217Z
SportMax,Sports,false,Product 923,83.69,923,2.9,981,2026-04-05T20:28:33.217Z
BeautyGlow,Clothing,true,Product 924,891.67,924,4.9,714,2026-04-05T20:28:33.217Z
AutoZoom,Food,true,Product 925,170.59,925,3.9,855,2026-04-05T20:28:33.217Z
GardenMaster,Home,true,Product 926,-889.17,926,4.9,815,2026-04-05T20:28:33.217Z
FashionX,Food,false,Product 927,768.99,927,2,950,2026-04-05T20:28:33.217Z
BeautyGlow,Books,true,Product 928,746.17,928,4.4,246,2026-04-05T20:28:33.217Z
BookWorm,Garden,true,Product 929,334.19,929,1.6,140,2026-04-05T20:28:33.217Z
FashionX,Beauty,true,Product 930,934.46,930,3.7,730,2026-04-05T20:28:33.217Z
GardenMaster,Books,false,Product 931,880.98,931,1.5,850,2026-04-05T20:28:33.217Z
TechPro,Garden,false,Product 932,93.17,932,1,566,2026-04-05T20:28:33.217Z
BeautyGlow,Toys,false,Product 933,616.36,933,3.2,309,2026-04-05T20:28:33.217Z
FashionX,Garden,false,Product 934,254.95,934,1.7,247,2026-04-05T20:28:33.217Z
AutoZoom,Garden,false,Product 935,924.94,935,3.6,920,2026-04-05T20:28:33.217Z
FashionX,Toys,false,Product 936,361.15,936,4.7,492,2026-04-05T20:28:33.217Z
TechPro,Beauty,true,Product 937,480.12,937,2.2,865,2026-04-05T20:28:33.217Z
BeautyGlow,Food,false,Product 938,517.06,938,4.3,998,2026-04-05T20:28:33.217Z
BeautyGlow,Sports,false,Product 939,59.31,939,2.4,303,2026-04-05T20:28:33.217Z
ToyFun,Toys,false,Product 940,98.62,940,3.3,295,2026-04-05T20:28:33.217Z
HomeSmart,Sports,true,Product 941,170.86,941,2.4,24,2026-04-05T20:28:33.217Z
ToyFun,Food,false,Product 942,574.35,942,3,638,2026-04-05T20:28:33.217Z
BookWorm,Sports,false,Product 943,778.9,943,2.7,563,2026-04-05T20:28:33.217Z
ToyFun,Home,false,Product 944,94.33,944,1.3,188,2026-04-05T20:28:33.217Z
GardenMaster,Clothing,false,Product 945,252.05,945,2.1,363,2026-04-05T20:28:33.217Z
AutoZoom,Electronics,true,Product 946,652.26,946,2.3,898,2026-04-05T20:28:33.217Z
BeautyGlow,Clothing,false,Product 947,373.26,947,4.5,312,2026-04-05T20:28:33.217Z
FashionX,Books,false,Product 948,77.79,948,4,218,2026-04-05T20:28:33.217Z
SportMax,Garden,true,Product 949,842.25,949,1.6,269,2026-04-05T20:28:33.217Z
SportMax,Toys,true,Product 950,325.03,950,2.3,342,2026-04-05T20:28:33.217Z
BookWorm,Food,true,Product 951,990.83,951,4.2,462,2026-04-05T20:28:33.217Z
BookWorm,Electronics,false,Product 952,797.26,952,3.9,842,2026-04-05T20:28:33.217Z
BeautyGlow,Sports,false,Product 953,134.17,953,3.5,171,2026-04-05T20:28:33.217Z
HomeSmart,Beauty,false,Product 954,20.02,954,4.8,963,2026-04-05T20:28:33.217Z
FashionX,Home,true,Product 955,78.01,955,4.7,151,2026-04-05T20:28:33.217Z
SportMax,Toys,true,Product 956,333.69,956,1.2,171,2026-04-05T20:28:33.217Z
BeautyGlow,Sports,false,Product 957,179.22,957,3.5,416,2026-04-05T20:28:33.217Z
HomeSmart,Toys,false,Product 958,500.85,958,4.6,453,2026-04-05T20:28:33.217Z
TastyBites,Food,false,Product 959,503.24,959,1.2,141,2026-04-05T20:28:33.217Z
FashionX,Garden,false,Product 960,524.44,960,4.5,901,2026-04-05T20:28:33.217Z
BookWorm,Automotive,true,Product 961,704.42,961,1.2,221,2026-04-05T20:28:33.217Z
AutoZoom,Books,false,Product 962,950.13,962,4.8,25,2026-04-05T20:28:33.217Z
TechPro,Beauty,false,Product 963,63.37,963,1,218,2026-04-05T20:28:33.217Z
ToyFun,Clothing,true,Product 964,880.84,964,3.8,343,2026-04-05T20:28:33.217Z
ToyFun,Food,true,Product 965,276.28,965,4.8,928,2026-04-05T20:28:33.217Z
GardenMaster,Toys,true,Product 966,505.83,966,4.9,583,2026-04-05T20:28:33.217Z
SportMax,Garden,false,Product 967,625.24,967,3.1,337,2026-04-05T20:28:33.217Z
TechPro,Toys,true,Product 968,904.79,968,4.8,248,2026-04-05T20:28:33.217Z
TastyBites,Books,false,Product 969,255.63,969,4.3,171,2026-04-05T20:28:33.217Z
FashionX,Toys,true,Product 970,628.87,970,4.8,615,2026-04-05T20:28:33.217Z
BookWorm,Beauty,false,Product 971,622.35,971,3.5,201,2026-04-05T20:28:33.217Z
HomeSmart,Clothing,true,Product 972,22.65,972,2.1,249,2026-04-05T20:28:33.217Z
AutoZoom,Electronics,false,Product 973,549.68,973,4.1,452,2026-04-05T20:28:33.217Z
FashionX,Toys,false,Product 974,777.18,974,5,395,2026-04-05T20:28:33.217Z
AutoZoom,Food,false,Product 975,802.38,975,2.9,447,2026-04-05T20:28:33.217Z
ToyFun,Automotive,false,Product 976,668.31,976,1.7,975,2026-04-05T20:28:33.217Z
BookWorm,Books,false,Product 977,570.26,977,3,107,2026-04-05T20:28:33.217Z
FashionX,Toys,true,Product 978,136.88,978,4.8,863,2026-04-05T20:28:33.217Z
TastyBites,Beauty,false,Product 979,858.77,979,4.9,759,2026-04-05T20:28:33.217Z
BeautyGlow,Garden,true,Product 980,112.17,980,1.4,290,2026-04-05T20:28:33.217Z
ToyFun,Books,false,Product 981,809.45,981,3.2,486,2026-04-05T20:28:33.217Z
ToyFun,Garden,false,Product 982,295.53,982,2.2,154,2026-04-05T20:28:33.217Z
FashionX,Home,true,Product 983,437.94,983,2.8,879,2026-04-05T20:28:33.217Z
TastyBites,Clothing,true,Product 984,571.86,984,3.7,160,2026-04-05T20:28:33.217Z
BookWorm,Electronics,true,Product 985,-27.11,985,2.3,212,2026-04-05T20:28:33.217Z
GardenMaster,Garden,true,Product 986,404.64,986,2.7,157,2026-04-05T20:28:33.217Z
BookWorm,Electronics,false,Product 987,660.66,987,2,739,2026-04-05T20:28:33.217Z
HomeSmart,Sports,true,Product 988,686.61,988,1.6,625,2026-04-05T20:28:33.217Z
BookWorm,Sports,true,Product 989,157.03,989,1,266,2026-04-05T20:28:33.217Z
SportMax,Garden,true,Product 990,215.18,990,3.4,569,2026-04-05T20:28:33.217Z
SportMax,Automotive,true,Product 991,256.21,991,3.3,156,2026-04-05T20:28:33.217Z
ToyFun,Beauty,false,Product 992,640.01,992,4.6,694,2026-04-05T20:28:33.217Z
GardenMaster,Clothing,true,Product 993,663.01,993,3.8,115,2026-04-05T20:28:33.217Z
BookWorm,Home,false,Product 994,899.02,994,3.3,365,2026-04-05T20:28:33.217Z
TechPro,Food,true,Product 995,368.63,995,4.4,441,2026-04-05T20:28:33.217Z
HomeSmart,Garden,false,Product 996,650.69,996,2.4,297,2026-04-05T20:28:33.217Z
AutoZoom,Food,true,Product 997,259.29,997,1.2,468,2026-04-05T20:28:33.217Z
HomeSmart,Automotive,true,Product 998,48.12,998,1.6,631,2026-04-05T20:28:33.217Z
FashionX,Toys,true,Product 999,794.18,999,3.1,386,2026-04-05T20:28:33.217Z
BookWorm,Electronics,false,Product 1000,759.11,1000,3.5,529,2026-04-05T20:28:33.217Z
